SiteCode,Class,Region_detail,Region,Note
ALSE8667_B,I,SE,East,
ALSE8673_B,P,SE,East,
ALSE8674_B,P,SE,East,
ALSE8675_B,P,SE,East,
ALSE8676_B,P,SE,East,
ALSE8939_B,I,SE,East,
ALSE8940_B,E,SE,East,
ALSE8941_B,U,SE,East,
ALSE9185_B,P,SE,East,
ALSE9186_B,I,SE,East,
ALSE9443_BO,I,SE,East,
ALSE9533_B,I,SE,East,
ALSE9534_B,P,SE,East,
ALSE9592_V,I,SE,East,
ALSE9594_V,I,SE,East,
ALSE9595_V,I,SE,East,
ALSE9596_V,P,SE,East,
ARNE117_V,I,NE,East,
ARNE125_V,P,NE,East,
ARNE163_B,I,NE,East,
ARNE171_B,I,NE,East,
ARNE230_V,I,NE,East,
ARNE8840_V,P,NE,East,
ARNE8845_V,I,NE,East,
ARNE8884_B,I,NE,East,
ARNE8937_B,U,NE,East,
ARSE5406_B,I,SE,East,
ARSE8019_B,I,SE,East,
ARSE8022_B,U,SE,East,
ARSE9438_B,U,SE,East,
ARSE9485_B,E,SE,East,
ARSE9486_B,E,SE,East,
AZAW0006,I,AW,West,
AZAW0007,E,AW,West,
AZAW0008,I,AW,West,
AZAW0014,P,AW,West,Q&D Interpretation of logger data
AZAW0022,I,AW,West,
AZAW0032,P,AW,West,
AZAW0033,E,AW,West,
AZAW0035,P,AW,West,
AZAW0036,P,AW,West,Q&D Interpretation of logger data
AZAW0041,E,AW,West,
AZAW0042,E,AW,West,
AZAW0044,I,AW,West,
AZAW0046,P,AW,West,
AZAW0050,I,AW,West,
AZAW0051,E,AW,West,
AZAW0053,E,AW,West,
AZAW0055,I,AW,West,
AZAW0060,I,AW,West,Q&D Interpretation of logger data
AZAW0065,E,AW,West,
AZAW0066,E,AW,West,
AZAW0070,E,AW,West,Q&D review of logger data
AZAW0072,E,AW,West,Q&D review of logger data
AZAW0074,I,AW,West,Q&D review of logger data
AZAW0076,I,AW,West,Q&D review of logger data
AZAW0081,P,AW,West,
AZAW0082,E,AW,West,
AZAW0084,I,AW,West,
AZAW0085,E,AW,West,
AZAW0086,E,AW,West,
AZAW0090,I,AW,West,
AZAW0099,E,AW,West,
AZAW0103,P,AW,West,
AZAW0105,P,AW,West,
AZAW9029,E,AW,West,Q&D Interpretation of logger data
AZAW9030,E,AW,West,Q&D Interpretation of logger data. 2 days of  flow in late summer of 2022
AZAW9031,E,AW,West,Q&D Interpretation of logger data
AZAW9032,I,AW,West,Q&D Interpretation of logger data
AZWM0113,I,WM,West,
AZWM0114,I,WM,West,
AZWM0115,I,WM,West,
AZWM0116,I,WM,West,
AZWM0118,I,WM,West,
AZWM0119,P,WM,West,
AZWM0120,P,WM,West,
AZWM0121,I,WM,West,
AZWM0122,P,WM,West,
AZWM0123,I,WM,West,
AZWM0124,P,WM,West,
AZWM1588,E,WM,West,
AZWM1589,E,WM,West,"Q&D review of logger data, plus review by PDT"
AZWM1590,E,WM,West,
AZWM1591,E,WM,West,
AZWM1834,I,WM,West,Q&D Interpretation of logger data and field observations of drying
AZWM1842,E,WM,West,
AZWM1843,E,WM,West,
AZWM1847,E,WM,West,Q&D Interpretation of logger data
AZWM1848,E,WM,West,
AZWM1850,I,WM,West,Q&D Interpretation of logger data and field observations of drying
AZWM1853,P,WM,West,
AZWM1854,I,WM,West,
AZWM1855,I,WM,West,
AZWM1866,E,WM,West,Q&D review of logger data. Longest wet is 35 days (borderline I)
AZWM1867,E,WM,West,
CAAW0242,P,AW,West,
CAAW0243,E,AW,West,"Long term gage suggests ephemeral, even though study period was much wetter"
CAAW0244,I,AW,West,
CAAW0247,P,AW,West,
CAAW0249,P,AW,West,
CAAW0260,P,AW,West,Q&D review of gage data
CAAW0265,I,AW,West,Q&D review of gage data; logger data unavailable
CAAW0266,E,AW,West,Q&D Review of logger data
CAAW0270,P,AW,West,Q&D review of gage data
CAAW0281,P,AW,West,
CAAW0332,I,AW,West,
CAAW0354,I,AW,West,
CAAW0361,E,AW,West,Q&D review of logger data
CAAW0377,P,AW,West,
CAAW0381,E,AW,West,
CAAW0387,E,AW,West,
CAAW0392,I,AW,West,
CAAW0394,E,AW,West,
CAAW0396,I,AW,West,
CAAW0405,I,AW,West,Q&D review of older logger data; contemporary data insufficient (looks P)
CAAW0410,I,AW,West,
CAAW0412,P,AW,West,
CAAW0414,I,AW,West,
CAAW0419,I,AW,West,
CAAW0426,I,AW,West,
CAAW0430,P,AW,West,Q&D review of older logger data; contemporary data insufficient
CAAW0432,I,AW,West,"Cole Creek, not Cougar."
CAAW0434,P,AW,West,"Gage is intermittent, but we know there are standing permanent pools here"
CAAW0436,P,AW,West,Q&D review of gage data
CAAW0438,U,AW,West,"Alt Cole Creek site, no logger data?"
CAAW0440,I,AW,West,Q&D review of gage data
CAAW0441,I,AW,West,Q&D Review of logger data
CAAW0449,I,AW,West,Short record but sufficient for determining intermittency
CAAW0454,E,AW,West,Manual inspection shows 34 continuous days of flow
CAAW0473,E,AW,West,Q&D review of logger data
CAAW9243,I,AW,West,Short record but sufficient for determining intermittency
CAAW9247,P,AW,West,Q&D Review of logger data; short record but site is well known
CAAW9248,E,AW,West,Q&D review of logger data. Longest wet is 24 days
CAWM0477,I,WM,West,
CAWM0478,I,WM,West,
CAWM0485,P,WM,West,
CAWM0495,P,WM,West,
CAWM0507,P,WM,West,
CAWM0519,P,WM,West,
CAWM0522,I,WM,West,Q&D review of logger data
CAWM0523,I,WM,West,Q&D review of logger data
CAWM0525,E,WM,West,Q&D review of logger data (incomplete)
CAWM0528,I,WM,West,
CAWM0549,I,WM,West,
CAWM0566,P,WM,West,
CAWM0588,I,WM,West,
CAWM0592,I,WM,West,
CAWM0595,I,WM,West,
CAWM0598,P,WM,West,
CAWM0609,P,WM,West,
CAWM0610,P,WM,West,
CAWM0621,I,WM,West,
CAWM0652,P,WM,West,
CAWM0657,I,WM,West,
CAWM0672,I,WM,West,
CAWM0684,I,WM,West,
CAWM0697,I,WM,West,
CAWM0718,P,WM,West,
CAWM0720,P,WM,West,
CAWM0724,P,WM,West,
CAWM0736,I,WM,West,
CAWM1822,I,WM,West,
CAWM1831,I,WM,West,
CAWM1837,I,WM,West,"Some logger data available. Cutoff too high, but pattern clearly supports intermittent"
CAWM1871,E,WM,West,
CAWM1882,I,WM,West,
CAWM1891,E,WM,West,
CAWM1892,E,WM,West,
CAWM1894,E,WM,West,
CAWM1895,E,WM,West,
CAWM1898,E,WM,West,
CAWM1899,E,WM,West,
CAWM1900,E,WM,West,
CAWM1902,E,WM,West,
CAWM9002,I,WM,West,Clear spring dry period that doesn't correspond to frozen.
CAWM9005,E,WM,West,Confirmd by one logger
CAWM9007,I,WM,West,"Short logger records show continuous surface water, but site never had 100% surface flow at any site visit"
CAWM9008,I,WM,West,Record long enough to show intermttent flow of a few months in spring
COAW0746,E,AW,West,
COAW0751,I,AW,West,
COAW0755,I,AW,West,Q&D Interpretation of logger data
COAW0761,I,AW,West,"Q&D Interpretation of logger data. May be better to review more closely, as one logger shows much more sporadic flow than the other"
COAW0765,I,AW,West,
COAW0767,E,AW,West,
COAW0775,E,AW,West,
COAW0777,E,AW,West,
COAW0781,U,AW,West,"REJECT. No logger data available. Lindsey Reynolds site, but missed coordinates. No independent classification info?"
COAW0782,E,AW,West,
COAW0785,P,AW,West,
COAW0786,P,AW,West,Q&D Interpretation of logger data
COAW0790,P,AW,West,Logger data missing but classification based on gage data
COAW0792,I,AW,West,No logger data available. Sampled once Based on gage data
COAW1359,I,AW,West,Q&D Interpretation of logger data
COAW1366,I,AW,West,Q&D Interpretation of logger data
COAW1383,I,AW,West,
COAW1442,I,AW,West,Q&D Interpretation of logger data
COAW1449,I,AW,West,Q&D Interpretation of logger data
COAW1539,I,AW,West,Q&D review of logger data
COAW9104,E,AW,West,Q&D Interpretation of logger data
COAW9110,E,AW,West,Q&D Interpretation of logger data
COAW9111,E,AW,West,Looks E but data are missing for a big chunk in Spring. No APT possible. Weather during gap is dry but not rain-free. Referrred to PDT
COCB1,P,GP_C,GP,
COCB120,U,GP_C,GP,
COCB121,P,GP_C,GP,
COCB122,U,GP_C,GP,
COCB13,E,GP_C,GP,
COCB140,E,GP_C,GP,
COCB141,E,GP_C,GP,
COCB143,E,GP_C,GP,
COCB2,P,GP_C,GP,
COCB5,P,GP_C,GP,
COCB6,P,GP_C,GP,
COCV3140,U,GP_C,GP,
COCV3185,E,GP_C,GP,
COCV3305,U,GP_C,GP,
COCV3309,E,GP_C,GP,
COCV3310,U,GP_C,GP,
COCV553,E,GP_C,GP,
COCV559,E,GP_C,GP,
COCV562,U,GP_C,GP,
COCV568,E,GP_C,GP,
COCV585,P,GP_C,GP,
COWM0780,E,WM,West,
COWM0821,E,WM,West,
COWM0841,I,WM,West,
COWM0852,P,WM,West,
COWM0854,I,WM,West,
COWM0861,I,WM,West,
COWM0862,I,WM,West,
COWM0873,P,WM,West,
COWM0876,P,WM,West,
COWM0905,I,WM,West,
COWM0926,E,WM,West,Q&D Interpretation of logger data
COWM0929,E,WM,West,
COWM0940,I,WM,West,
COWM0944,I,WM,West,
COWM0952,E,WM,West,Q&D Interpretation of logger data
COWM0973,P,WM,West,
COWM0989,E,WM,West,
COWM1002,E,WM,West,
COWM1004,I,WM,West,
COWM1019,P,WM,West,
COWM1029,P,WM,West,Q&D review of logger data
COWM1030,I,WM,West,Q&D review of logger data
COWM1092,P,WM,West,
COWM1093,P,WM,West,
COWM1156,I,WM,West,
COWM1170,P,WM,West,"Review more closely. Likely P, but field observations don't always match logger readings. Lots of ringing"
COWM1172,P,WM,West,
COWM1361,E,WM,West,
COWM1368,P,WM,West,
COWM1421,I,WM,West,
CTNE4307_V,P,NE,East,
CTNE4333_V,P,NE,East,
CTNE8862_B,I,NE,East,
CTNE8863_V,I,NE,East,
CTNE8864_B,I,NE,East,
FLSE6566_V,P,SE,East,
FLSE6568_VO,P,SE,East,
FLSE6606_B,I,SE,East,
FLSE6607_V,P,SE,East,
FLSE6780_V,I,SE,East,
FLSE6807_V,I,SE,East,
FLSE6822_V,P,SE,East,
FLSE8220_V,E,SE,East,
FLSE9184_B,U,SE,East,
FLSE9507_B,E,SE,East,
FLSE9508_B,E,SE,East,
FLSE9509_B,E,SE,East,
FLSE9521_B,I,SE,East,
FLSE9522_V,I,SE,East,
FLSE9523_B,I,SE,East,
FLSE9524_B,I,SE,East,
FLSE9551_B,P,SE,East,
FLSE9552_BO,I,SE,East,
FLSE9563_V,I,SE,East,
FLSE9564_V,E,SE,East,
FLSE9569_V,I,SE,East,
FLSE9609_V,I,SE,East,
FLSE9610_V,P,SE,East,
FLSE9613_V,I,SE,East,
FLSE9617_V,I,SE,East,
GASE8689_B,P,SE,East,
GASE8691_B,I,SE,East,
GASE8697_B,P,SE,East,
GASE8701_BO,P,SE,East,
GASE8706_BO,P,SE,East,
GASE8709_B,E,SE,East,
GASE8711_B,U,SE,East,
GASE9171_V,I,SE,East,
GASE9172_V,E,SE,East,
GASE9173_V,E,SE,East,
GASE9180_B,I,SE,East,
GASE9181_B,P,SE,East,
GASE9189_B,P,SE,East,
GASE9190_B,I,SE,East,
GASE9444_B,P,SE,East,
GASE9493_B,P,SE,East,
GASE9494_B,U,SE,East,
GASE9495_B,P,SE,East,
IAUB105,I,GP_U,GP,
IAUB106,I,GP_U,GP,
IAUB108,I,GP_U,GP,
IAUB109,I,GP_U,GP,
IAUB110,I,GP_U,GP,
IAUB111,U,GP_U,GP,
IAUB112,U,GP_U,GP,
IAUB29,I,GP_U,GP,
IAUB30,I,GP_U,GP,
IAUB31,I,GP_U,GP,
IAUV1867,P,GP_U,GP,
IAUV1870,P,GP_U,GP,
IAUV3341,E,GP_U,GP,
IAUV3342,I,GP_U,GP,
IAUV3343,I,GP_U,GP,
ILNE8568_V,E,NE,East,
ILNE8569_B,P,NE,East,
ILNE8572_B,E,NE,East,
ILNE8578_B,E,NE,East,
ILNE8579_B,I,NE,East,
ILUV3350,I,GP_U,GP,
ILUV3353,I,GP_U,GP,
INNE667_V,P,NE,East,
INNE752_B,P,NE,East,
INNE8239_B,I,NE,East,
INNE8242_B,I,NE,East,
INNE8245_B,I,NE,East,
INNE8252_B,I,NE,East,
INNE8584_V,E,NE,East,
INNE8860_B,I,NE,East,
INNE9598_V,I,NE,East,
INNE9599_V,E,NE,East,
INNE9600_VO,E,NE,East,
INNE9602_V,P,NE,East,
INNE9603_V,P,NE,East,
INNE9604_V,P,NE,East,
INNE9606_V,I,NE,East,
INNE9607_V,E,NE,East,
INNE9608_V,E,NE,East,
KSCB102,E,GP_C,GP,
KSCB103,I,GP_C,GP,
KSCB104,I,GP_C,GP,
KSCB16,I,GP_C,GP,
KSCB17,I,GP_C,GP,
KSCB18,I,GP_C,GP,
KSCB20,I,GP_C,GP,
KSCB21,U,GP_C,GP,
KSCB22,U,GP_C,GP,
KSCB23,P,GP_C,GP,
KSCB25,E,GP_C,GP,
KSCB26,I,GP_C,GP,
KSCB27,I,GP_C,GP,
KSCB28,I,GP_C,GP,
KSCV2959,P,GP_C,GP,
KSCV3228,I,GP_C,GP,
KSCV3231,E,GP_C,GP,
KSCV3244,I,GP_C,GP,
KSCV3245,I,GP_C,GP,
KSCV3246,I,GP_C,GP,
KSCV3247,I,GP_C,GP,
KSCV3248,I,GP_C,GP,
KSCV3250,I,GP_C,GP,
KSCV730,E,GP_C,GP,
KSCV814,P,GP_C,GP,
KSUV2926,I,GP_U,GP,
KSUV888,P,GP_U,GP,
KSUV938,P,GP_U,GP,
KSUV944,P,GP_U,GP,
KYNE1767_V,P,NE,East,
KYNE8221_B,I,NE,East,
KYNE8224_B,E,NE,East,
KYNE8228_B,E,NE,East,
KYNE8231_B,E,NE,East,
KYNE8234_B,P,NE,East,
KYNE8235_B,E,NE,East,
KYNE8236_B,E,NE,East,
KYNE8255_B,I,NE,East,
KYNE8386_B,I,NE,East,
KYNE8388_B,I,NE,East,
KYNE8785_B,P,NE,East,
KYNE9129_B,P,NE,East,
KYNE9566_V,E,NE,East,
LASE8997_B,U,SE,East,
LASE9004_B,I,SE,East,
LASE9446_B,I,SE,East,
LASE9447_B,I,SE,East,
LASE9448_B,U,SE,East,
LASE9449_B,I,SE,East,
LASE9452_B,E,SE,East,
LASE9453_B,I,SE,East,
LASE9455_B,P,SE,East,
LASE9456_B,P,SE,East,
LASE9457_B,P,SE,East,
LASE9462_B,I,SE,East,
LASE9999_B,U,SE,East,
MANE8868_BO,P,NE,East,
MANE8952_V,I,NE,East,
MANE8955_V,P,NE,East,
MANE9515_B,P,NE,East,
MANE9517_B,P,NE,East,
MDNE3514_B,P,NE,East,
MDNE8173_V,I,NE,East,
MDNE8175_V,I,NE,East,
MDNE9047_B,I,NE,East,
MDNE9116_V,I,NE,East,
MDNE9117_V,I,NE,East,
MDNE9119_V,I,NE,East,
MDNE9120_V,P,NE,East,
MDNE9124_V,I,NE,East,
MDNE9684_V,I,NE,East,
MDNE9685_V,P,NE,East,
MENE4957_V,P,NE,East,
MENE4960_V,I,NE,East,
MENE4961_V,P,NE,East,
MENE8880_B,I,NE,East,
MENE8881_B,I,NE,East,
MENE8948_B,P,NE,East,
MENE8950_B,P,NE,East,
MINE1099_B,P,NE,East,
MINE1125_V,P,NE,East,
MINE1140_V,P,NE,East,
MINE8825_V,I,NE,East,
MINE8835_V,P,NE,East,
MINE8886_BO,P,NE,East,
MINE8887_B,P,NE,East,
MINE8888_B,U,NE,East,
MINE9108_B,P,NE,East,
MIUV2817,P,GP_U,GP,
MIUV3337,I,GP_U,GP,
MIUV3339,I,GP_U,GP,
MIUV3340,I,GP_U,GP,
MNUB10,P,GP_U,GP,
MNUB119,I,GP_U,GP,
MNUB17,U,GP_U,GP,
MNUB26,I,GP_U,GP,
MNUB27,P,GP_U,GP,
MNUB4,I,GP_U,GP,
MNUB44,U,GP_U,GP,
MNUB45,P,GP_U,GP,
MNUB6,P,GP_U,GP,
MNUB8,P,GP_U,GP,
MNUV2065,I,GP_U,GP,
MNUV3334,I,GP_U,GP,
MNUV3335,I,GP_U,GP,
MONE299_B,U,NE,East,
MONE313_V,I,NE,East,
MONE349_V,E,NE,East,
MONE350_V,I,NE,East,
MONE357_V,I,NE,East,
MONE359_V,E,NE,East,
MONE363_V,P,NE,East,
MONE7985_B,I,NE,East,
MONE7991_B,I,NE,East,
MONE9103_B,P,NE,East,
MSSE5683_B,P,SE,East,
MSSE8726_B,I,SE,East,
MSSE8727_B,I,SE,East,
MSSE8803_B,P,SE,East,
MSSE8806_B,I,SE,East,
MSSE8818_B,I,SE,East,
MSSE8847_B,E,SE,East,
MSSE8848_B,P,SE,East,
MSSE8855_B,U,SE,East,
MSSE8856_B,U,SE,East,
MSSE9550_B,E,SE,East,
MSSE9555_V,E,SE,East,
MSSE9556_V,E,SE,East,
MSSE9557_V,P,SE,East,
MTAW9190,U,AW,West,"REJECT. Loggers have a gap from late March to Late June, which is the rainiest period. Unable to distinguish between I and E. Likely reject, referred to PDT"
MTAW9191,E,AW,West,Lots of blips but all fairly low
MTAW9192,E,AW,West,Q&D interpretation of logger data
MTNB14,E,GP_N,GP,
MTNB15,E,GP_N,GP,
MTNB19,I,GP_N,GP,
MTNB22,P,GP_N,GP,
MTNB28,I,GP_N,GP,
MTNB29,P,GP_N,GP,
MTNB3,U,GP_N,GP,
MTNB33,E,GP_N,GP,
MTNB4,I,GP_N,GP,
MTNB42,P,GP_N,GP,
MTNB45,I,GP_N,GP,
MTNB5,I,GP_N,GP,
MTNB8,I,GP_N,GP,
MTNV1001,E,GP_N,GP,
MTNV1018,P,GP_N,GP,
MTNV1035,I,GP_N,GP,
MTNV1044,U,GP_N,GP,
MTNV1050,P,GP_N,GP,
MTNV2975,E,GP_N,GP,
MTNV2976,E,GP_N,GP,
MTNV990,E,GP_N,GP,
MTWM1553,P,WM,West,Some brief dry readings are likely erroneous due to cutoff being too high
MTWM1563,I,WM,West,
MTWM1569,I,WM,West,
MTWM1711,I,WM,West,
MTWM1726,I,WM,West,
MTWM1729,P,WM,West,Large chunk missing in April
MTWM1736,P,WM,West,
MTWM1753,P,WM,West,
MTWM1785,I,WM,West,
MTWM1813,P,WM,West,
MTWM1815,I,WM,West,
MTWM1835,I,WM,West,
MTWM1836,I,WM,West,Q&D review of logger data
MTWM1840,I,WM,West,
MTWM1904,E,WM,West,
MTWM1905,E,WM,West,
MTWM1906,P,WM,West,
MTWM1907,I,WM,West,
MTWM1908,E,WM,West,
MTWM1910,E,WM,West,
MTWM9167,E,WM,West,Q&D review of logger data
MTWM9168,E,WM,West,Q&D review of logger data
MTWM9180,E,WM,West,Q&D review of logger data
MTWM9181,E,WM,West,Q&D interpretation of logger data. But review APT tool for 6/19/2022
MTWM9182,E,WM,West,Q&D interpretation of logger data
MTWM9183,E,WM,West,Q&D interpretation of logger data
NCSE9061_B,P,SE,East,
NCSE9065_B,I,SE,East,
NCSE9069_B,E,SE,East,
NCSE9077_B,P,SE,East,
NCSE9079_B,E,SE,East,
NCSE9086_B,P,SE,East,
NCSE9087_B,P,SE,East,
NDNV2938,I,GP_N,GP,
NDNV2941,I,GP_N,GP,
NDNV3351,E,GP_N,GP,
NDNV3352,E,GP_N,GP,
NDUB123,U,GP_U,GP,
NDUB124,P,GP_U,GP,
NDUB125,P,GP_U,GP,
NDUB13,I,GP_U,GP,
NDUB5,I,GP_U,GP,
NDUV3319,E,GP_U,GP,
NDUV3320,I,GP_U,GP,
NDUV3321,I,GP_U,GP,
NDUV3323,P,GP_U,GP,
NDUV3331,U,GP_U,GP,
NDUV3333,I,GP_U,GP,
NECB133,E,GP_C,GP,
NECB134,E,GP_C,GP,
NECB135,U,GP_C,GP,
NECB31,P,GP_C,GP,
NECV1198,P,GP_C,GP,
NECV1211,P,GP_C,GP,
NECV1249,I,GP_C,GP,
NECV1274,P,GP_C,GP,
NENV1222,P,GP_N,GP,
NEUB114,I,GP_U,GP,
NEUB116,I,GP_U,GP,
NEUB117,I,GP_U,GP,
NHNE8900_V,I,NE,East,
NHNE8903_V,I,NE,East,
NHNE8905_V,I,NE,East,
NHNE8906_V,U,NE,East,
NHNE9034_BO,P,NE,East,
NHNE9035_BO,P,NE,East,
NHNE9627_V,I,NE,East,
NHNE9628_V,I,NE,East,
NHNE9674_V,E,NE,East,
NHNE9675_V,I,NE,East,
NHNE9676_V,P,NE,East,
NMAW1256,P,AW,West,"Review more closely. Likely P, but field observations don't always match logger readings. Lots of ringing"
NMAW1261,P,AW,West,
NMAW1266,P,AW,West,
NMAW1273,I,AW,West,
NMAW1274,E,AW,West,
NMAW1278,P,AW,West,
NMAW1279,P,AW,West,
NMAW1284,I,AW,West,
NMAW1291,P,AW,West,
NMAW1292,E,AW,West,
NMAW1293,I,AW,West,
NMAW1294,E,AW,West,
NMAW1295,E,AW,West,
NMAW1296,E,AW,West,
NMAW1298,P,AW,West,Logger record short but gage confirms status
NMAW1299,I,AW,West,
NMAW9036,P,AW,West,"Despite L1 giving many dry readings, L2 is consistently wet. Field observations do not corroborate with dry L1 readings"
NMAW9037,E,AW,West,Q&D review of logger data
NMAW9043,E,AW,West,Q&D review of logger data
NMAW9044,I,AW,West,Q&D review of logger data
NMAW9045,U,AW,West,Can't tell from logger or photos. Reject.
NMCB33,I,GP_C,GP,
NMCB34,I,GP_C,GP,
NMCB35,P,GP_C,GP,
NMCV11,P,GP_C,GP,
NMCV45,E,GP_C,GP,
NMCV46,E,GP_C,GP,
NMSB118,I,GP_S,GP,
NMSB2,E,GP_S,GP,
NMSB3,P,GP_S,GP,
NMSB4,E,GP_S,GP,
NMSV32,I,GP_S,GP,
NMSV65,E,GP_S,GP,
NMWM1260,P,WM,West,"Loggers show erroneous dry periods, but USGS gage confirms flow status"
NMWM1300,I,WM,West,
NMWM1301,I,WM,West,
NMWM1302,P,WM,West,
NMWM1303,P,WM,West,
NMWM1305,P,WM,West,"Loggers show erroneous dry periods, but USGS gage confirms flow status"
NMWM1311,P,WM,West,
NMWM1314,P,WM,West,
NMWM1316,P,WM,West,
NMWM1318,E,WM,West,
NMWM1319,E,WM,West,
NMWM1320,E,WM,West,
NMWM1328,P,WM,West,Q&D review of logger data
NMWM1332,P,WM,West,Short record but USGS gage confirms status
NMWM1333,I,WM,West,
NMWM1335,I,WM,West,
NMWM1856,P,WM,West,
NMWM1857,P,WM,West,
NMWM9051,I,WM,West,Q&D review of logger data
NMWM9054,E,WM,West,Q&D review of logger data
NMWM9055,E,WM,West,Q&D review of logger data
NMWM9063,E,WM,West,Q&D review of logger data
NVAW1179,P,AW,West,"L1 shows drying, but L2 does not, nor does USGS gage"
NVAW1182,I,AW,West,Q&D review of logger and gage data
NVAW1187,I,AW,West,"Review of gage data, which is much longer than logger data (which suggests E)"
NVAW1190,I,AW,West,
NVAW1191,I,AW,West,
NVAW1193,P,AW,West,
NVAW1196,P,AW,West,Loggers show some erroneous drying but gage and field observations show wet conditions
NVAW1197,I,AW,West,Q&D inspection of logger data
NVAW1200,I,AW,West,"Logger has many short, clustered flashy flows, but gage shows clearly intermittent"
NVAW1201,P,AW,West,Q&D inspection of logger data
NVAW1204,P,AW,West,
NVAW1205,P,AW,West,
NVAW1206,I,AW,West,
NVAW1207,P,AW,West,
NVAW1208,P,AW,West,Likely P but end of record gets hard to interpret. USGS gage says P
NVAW1210,I,AW,West,
NVAW1211,P,AW,West,
NVAW1212,I,AW,West,
NVAW1219,P,AW,West,Q&D inspection of logger data
NVAW1231,E,AW,West,
NVAW1234,E,AW,West,
NVAW1236,P,AW,West,
NVAW1237,I,AW,West,
NVAW1238,E,AW,West,
NVAW1242,P,AW,West,
NVAW1243,E,AW,West,
NVAW1244,P,AW,West,
NVAW1245,I,AW,West,
NVAW1247,I,AW,West,
NVAW9019,E,AW,West,Q&D inspection of logger data
NVAW9229,E,AW,West,Q&D inspection of logger data
NVAW9231,E,AW,West,Q&D inspection of logger data
NVWM1255,P,WM,West,
NVWM9034,E,WM,West,Q&D inspection of logger data
NYNE4129_V,I,NE,East,
NYNE8595_V,U,NE,East,
NYNE8602_B,I,NE,East,
NYNE8942_B,I,NE,East,
NYNE8943_B,P,NE,East,
NYNE8944_BO,U,NE,East,
NYNE9027_B,P,NE,East,
NYNE9028_B,I,NE,East,
NYNE9029_B,U,NE,East,
NYNE9030_B,I,NE,East,
NYNE9032_B,P,NE,East,
NYNE9111_B,I,NE,East,
NYNE9549_B,E,NE,East,
OHNE8283_B,P,NE,East,
OHNE8288_B,I,NE,East,
OHNE8419_B,E,NE,East,
OHNE8437_B,P,NE,East,
OHNE8465_B,I,NE,East,
OHNE8466_B,E,NE,East,
OHNE8471_B,E,NE,East,
OHNE8563_B,P,NE,East,
OHNE8605_V,E,NE,East,
OHNE8607_V,P,NE,East,
OHNE8621_V,E,NE,East,
OHNE8626_B,U,NE,East,
OHNE8633_B,I,NE,East,
OHNE8636_V,I,NE,East,
OHNE8640_V,E,NE,East,
OHNE8644_V,E,NE,East,
OHNE9125_B,I,NE,East,
OHNE9126_B,I,NE,East,
OHNE9127_B,P,NE,East,
OHNE9128_B,I,NE,East,
OKCB105,E,GP_C,GP,
OKCB37,E,GP_C,GP,
OKCB38,E,GP_C,GP,
OKCB39,I,GP_C,GP,
OKCB40,E,GP_C,GP,
OKCB41,U,GP_C,GP,
OKCB42,U,GP_C,GP,
OKCB43,I,GP_C,GP,
OKCV1073,P,GP_C,GP,
OKNE54_V,I,NE,East,
OKNE8133_B,I,NE,East,
OKNE9107_B,I,NE,East,
OKNE9194_B,U,NE,East,
OKNE9249_V,P,NE,East,
OKNE9439_B,E,NE,East,
OKNE9440_B,E,NE,East,
OKSE9161_B,I,SE,East,
OKSE9162_B,I,SE,East,
OKSE9266_B,I,SE,East,
OKSE9291_BO,I,SE,East,
OKSE9323_B,I,SE,East,
OKSE9354_B,P,SE,East,
OKSE9361_B,U,SE,East,
OKSE9559_V,I,SE,East,
OKSE9560_VO,I,SE,East,
OKSE9561_V,I,SE,East,
OKSE9562_V,I,SE,East,
OKSE9672_V,P,SE,East,
PANE0567_V,I,NE,East,
PANE3138_V,E,NE,East,
PANE3234_V,I,NE,East,
PANE3338_V,P,NE,East,
PANE3345_V,P,NE,East,
PANE8933_B,P,NE,East,
PANE9043_B,U,NE,East,
PANE9044_B,I,NE,East,
PANE9045_B,I,NE,East,
PANE9046_B,U,NE,East,
PANE9679_V,P,NE,East,
PANE9681_V,I,NE,East,
PANE9682_V,I,NE,East,
PANE9683_V,E,NE,East,
PRSE9539_B,U,CB,CB,
PRSE9540_B,P,CB,CB,
PRSE9541_B,P,CB,CB,
PRSE9542_B,U,CB,CB,
PRSE9543_B,P,CB,CB,
PRSE9544_B,U,CB,CB,
PRSE9545_B,I,CB,CB,
PRSE9546_B,E,CB,CB,
PRSE9547_B,I,CB,CB,
PRSE9586_V,P,CB,CB,
PRSE9587_V,P,CB,CB,
PRSE9588_V,U,CB,CB,
PRSE9589_V,P,CB,CB,
PRSE9590_V,P,CB,CB,
PRSE9597_B,E,CB,CB,
RINE4437_B,P,NE,East,
RINE9474_B,P,NE,East,
RINE9475_B,I,NE,East,
SCSE7520_V,P,SE,East,
SCSE7996_V,P,SE,East,
SCSE7998_V,I,SE,East,
SCSE8000_V,I,SE,East,
SCSE8328_V,E,SE,East,
SCSE8333_V,E,SE,East,
SCSE8336_B,I,SE,East,
SCSE8343_B,I,SE,East,
SCSE8347_B,P,SE,East,
SCSE8353_B,P,SE,East,
SCSE8359_B,P,SE,East,
SCSE8361_B,P,SE,East,
SCSE8363_B,E,SE,East,
SCSE8371_B,U,SE,East,
SCSE8377_B,P,SE,East,
SCSE8745_B,I,SE,East,
SCSE8746_B,I,SE,East,
SCSE9131_B,U,SE,East,
SCSE9134_B,E,SE,East,
SCSE9174_V,E,SE,East,
SCSE9178_V,E,SE,East,
SCSE9420_V,E,SE,East,
SCSE9424_V,E,SE,East,
SCSE9441_B,P,SE,East,
SDNB148,P,GP_N,GP,
SDNB149,I,GP_N,GP,
SDNB150,E,GP_N,GP,
SDNB16,I,GP_N,GP,
SDNB27,P,GP_N,GP,
SDNB36,I,GP_N,GP,
SDNB37,E,GP_N,GP,
SDNB38,I,GP_N,GP,
SDNB39,E,GP_N,GP,
SDNB40,E,GP_N,GP,
SDNB43,P,GP_N,GP,
SDNV1413,P,GP_N,GP,
SDNV1439,P,GP_N,GP,
SDNV1446,P,GP_N,GP,
SDNV1470,I,GP_N,GP,
SDNV1472,P,GP_N,GP,
SDNV1503,I,GP_N,GP,
SDNV2956,I,GP_N,GP,
SDUB1,I,GP_U,GP,
SDUB120,U,GP_U,GP,
SDUB121,I,GP_U,GP,
SDUB2,E,GP_U,GP,
SDUB24,I,GP_U,GP,
SDUB25,I,GP_U,GP,
SDUB28,U,GP_U,GP,
SDUV1557,P,GP_U,GP,
SDUV1570,P,GP_U,GP,
SDWM9163,I,WM,West,Q&D inspection of logger data
TNNE2131_V,I,NE,East,
TNNE2132_B,P,NE,East,
TNNE7972_B,I,NE,East,
TNNE8762_B,E,NE,East,
TNNE8765_B,I,NE,East,
TNNE9094_B,I,NE,East,
TNNE9097_B,I,NE,East,
TNNE9109_B,E,NE,East,
TNNE9463_B,I,NE,East,
TNNE9464_B,E,NE,East,
TNNE9487_B,E,NE,East,
TNNE9489_B,P,NE,East,
TNNE9490_V,P,NE,East,
TNNE9512_B,I,NE,East,
TNNE9513_B,I,NE,East,
TXAW9189,E,AW,West,Q&D inspection of logger data
TXAW9194,E,AW,West,Q&D inspection of logger data
TXAW9197,I,AW,West,L2 was half-buried in sediment
TXAW9198,I,AW,West,Borderline IE
TXAW9199,I,AW,West,Q&D inspection of logger data
TXAW9251,I,AW,West,Q&D inspection of logger data
TXAW9253,E,AW,West,Q&D inspection of logger data
TXAW9254,E,AW,West,Q&D inspection of logger data
TXAW9255,E,AW,West,Q&D inspection of logger data
TXAW9256,E,AW,West,Q&D inspection of logger data
TXAW9273,I,AW,West,Q&D inspection of logger data
TXAW9276,E,AW,West,Q&D inspection of logger data
TXCB127,E,GP_C,GP,
TXCB128,E,GP_C,GP,
TXCB129,I,GP_C,GP,
TXCB130,E,GP_C,GP,
TXCB54,E,GP_C,GP,
TXCB55,I,GP_C,GP,
TXCV122,E,GP_C,GP,
TXCV123,I,GP_C,GP,
TXCV164,P,GP_C,GP,
TXSB10,I,GP_S,GP,
TXSB109,E,GP_S,GP,
TXSB11,U,GP_S,GP,
TXSB111,P,GP_S,GP,
TXSB113,P,GP_S,GP,
TXSB119,E,GP_S,GP,
TXSB12,U,GP_S,GP,
TXSB13,E,GP_S,GP,
TXSB130,E,GP_S,GP,
TXSB131,E,GP_S,GP,
TXSB14,P,GP_S,GP,
TXSB15,I,GP_S,GP,
TXSB16,I,GP_S,GP,
TXSB17,P,GP_S,GP,
TXSB19,U,GP_S,GP,
TXSB20,U,GP_S,GP,
TXSB21,I,GP_S,GP,
TXSB26,U,GP_S,GP,
TXSB27,I,GP_S,GP,
TXSB29,U,GP_S,GP,
TXSB30,U,GP_S,GP,
TXSB33,E,GP_S,GP,
TXSB34,U,GP_S,GP,
TXSB35,E,GP_S,GP,
TXSB36,E,GP_S,GP,
TXSB38,E,GP_S,GP,
TXSB39,I,GP_S,GP,
TXSB40,P,GP_S,GP,
TXSB5,I,GP_S,GP,
TXSB57,E,GP_S,GP,
TXSB59,I,GP_S,GP,
TXSB6,U,GP_S,GP,
TXSB60,P,GP_S,GP,
TXSB61,U,GP_S,GP,
TXSB62,E,GP_S,GP,
TXSB7,U,GP_S,GP,
TXSB8,P,GP_S,GP,
TXSB9,E,GP_S,GP,
TXSE5103_V,I,SE,East,
TXSE5120_V,P,SE,East,
TXSE5123_V,I,SE,East,
TXSE5134_V,P,SE,East,
TXSE5247_V,P,SE,East,
TXSE8959_B,U,SE,East,
TXSE9431_B,E,SE,East,
TXSE9433_B,U,SE,East,
TXSE9437_B,I,SE,East,
TXSE9466_V,E,SE,East,
TXSE9467_V,E,SE,East,
TXSE9496_BO,E,SE,East,
TXSE9497_B,I,SE,East,
TXSE9498_B,I,SE,East,
TXSE9499_B,U,SE,East,
TXSE9500_BO,E,SE,East,
TXSE9501_B,P,SE,East,
TXSE9502_B,I,SE,East,
TXSE9503_B,I,SE,East,
TXSE9504_B,I,SE,East,
TXSE9505_B,U,SE,East,
TXSE9511_B,I,SE,East,
TXSE9619_V,E,SE,East,
TXSE9620_V,I,SE,East,
TXSE9621_V,P,SE,East,
TXSE9622_V,E,SE,East,
TXSE9623_V,I,SE,East,
TXSE9624_V,P,SE,East,
TXSV148,P,GP_S,GP,
TXSV152,P,GP_S,GP,
TXSV154,I,GP_S,GP,
TXSV262,P,GP_S,GP,
TXSV276,I,GP_S,GP,
TXSV2937,I,GP_S,GP,
TXSV310,U,GP_S,GP,
TXSV3223,P,GP_S,GP,
TXSV3224,E,GP_S,GP,
TXSV3314,I,GP_S,GP,
TXSV3315,I,GP_S,GP,
TXSV3316,E,GP_S,GP,
TXSV3317,P,GP_S,GP,
TXSV334,E,GP_S,GP,
TXSV338,P,GP_S,GP,
TXSV353,I,GP_S,GP,
TXSV409,I,GP_S,GP,
TXSV419,I,GP_S,GP,
TXSV438,P,GP_S,GP,
TXSV452,P,GP_S,GP,
TXSV455,P,GP_S,GP,
TXSV65420,E,GP_S,GP,
TXSV65431,E,GP_S,GP,
UTAW1033,P,AW,West,
UTAW1358,P,AW,West,Review. Probably P with frozen times
UTAW1360,P,AW,West,Q&D inspection of logger data
UTAW1363,E,AW,West,Q&D inspection of logger data
UTAW1364,P,AW,West,Q&D inspection of logger data
UTAW1367,E,AW,West,Q&D inspection of logger data
UTAW1371,P,AW,West,Q&D inspection of logger data
UTAW1385,P,AW,West,Q&D inspection of logger data
UTAW1420,I,AW,West,Borderline IE
UTAW1542,P,AW,West,
UTAW1543,I,AW,West,Q&D inspection of logger data
UTAW9067,E,AW,West,Likely E but could be I
UTAW9073,E,AW,West,Q&D inspection of logger data
UTAW9080,E,AW,West,Q&D inspection of logger data
UTWM1015,P,WM,West,
UTWM1091,E,WM,West,Likely E but could be I
UTWM1096,P,WM,West,
UTWM1150,E,WM,West,
UTWM1152,P,WM,West,
UTWM1363,E,WM,West,
UTWM1389,P,WM,West,Q&D inspection of logger data
UTWM1408,P,WM,West,Q&D inspection of logger data
UTWM1419,P,WM,West,
UTWM1431,I,WM,West,
UTWM1447,I,WM,West,
UTWM1454,P,WM,West,Q&D inspection of logger data
UTWM1872,E,WM,West,Q&D inspection of logger data
UTWM1875,E,WM,West,
UTWM1876,E,WM,West,Q&D inspection of logger data
UTWM1878,E,WM,West,Q&D Interpretation of logger data
UTWM1879,E,WM,West,
UTWM9094,E,WM,West,Q&D Interpretation of logger data
UTWM9096,E,WM,West,Q&D Interpretation of logger data
VANE8895_B,P,NE,East,
VANE8896_B,I,NE,East,
VANE8897_B,I,NE,East,
VANE9099_B,P,NE,East,
VANE9100_B,I,NE,East,
VANE9101_B,P,NE,East,
VANE9102_V,P,NE,East,
VANE9114_B,E,NE,East,
VANE9121_B,P,NE,East,
VANE9670_V,E,NE,East,
VANE9671_V,P,NE,East,
VISE9145_V,I,CB,CB,
VISE9147_V,P,CB,CB,
VISE9148_V,I,CB,CB,
VISE9150_V,E,CB,CB,
VISE9151_V,E,CB,CB,
VISE9152_V,E,CB,CB,
VISE9155_V,I,CB,CB,
VISE9157_V,P,CB,CB,
VTNE8647_B,U,NE,East,
VTNE8649_V,E,NE,East,
VTNE8873_V,I,NE,East,
VTNE8874_V,I,NE,East,
VTNE8875_B,I,NE,East,
VTNE8877_B,P,NE,East,
VTNE9036_V,P,NE,East,
VTNE9038_B,P,NE,East,
VTNE9039_V,P,NE,East,
VTNE9042_B,I,NE,East,
WIUB11,P,GP_U,GP,
WIUB12,P,GP_U,GP,
WIUB128,U,GP_U,GP,
WIUB129,I,GP_U,GP,
WIUB130,I,GP_U,GP,
WIUB137,P,GP_U,GP,
WIUB138,P,GP_U,GP,
WIUB14,U,GP_U,GP,
WIUB15,P,GP_U,GP,
WIUB18,P,GP_U,GP,
WIUB19,I,GP_U,GP,
WIUB20,P,GP_U,GP,
WIUB21,I,GP_U,GP,
WIUB22,P,GP_U,GP,
WIUB3,P,GP_U,GP,
WIUB32,P,GP_U,GP,
WIUB33,I,GP_U,GP,
WIUB34,U,GP_U,GP,
WIUB35,E,GP_U,GP,
WIUB36,P,GP_U,GP,
WIUB37,E,GP_U,GP,
WIUB38,P,GP_U,GP,
WIUB39,U,GP_U,GP,
WIUB40,P,GP_U,GP,
WIUB42,U,GP_U,GP,
WVNE8653_B,E,NE,East,
WVNE8661_B,I,NE,East,
WVNE8664_B,I,NE,East,
WVNE9104_B,I,NE,East,
WVNE9105_B,E,NE,East,
WVNE9106_B,P,NE,East,
WYAW0753,E,AW,West,
WYAW1471,P,AW,West,"L2 was noted as being above the sediment. Half the record is missing, but gage supports P? Gage misses low flows"
WYAW1472,I,AW,West,
WYAW1473,P,AW,West,Q&D Interpretation of logger data
WYAW1474,I,AW,West,
WYAW1476,I,AW,West,
WYAW1477,P,AW,West,Likely P due to L1 being placed near bank. Nearby gage suggests perennial
WYAW1481,P,AW,West,Q&D Interpretation of logger data
WYAW9130,E,AW,West,Q&D Interpretation of logger data
WYAW9131,E,AW,West,Q&D Interpretation of logger data
WYAW9135,E,AW,West,Q&D Interpretation of logger data
WYAW9140,E,AW,West,Q&D Interpretation of logger data
WYAW9141,E,AW,West,Q&D Interpretation of logger data
WYCB47,P,GP_C,GP,
WYCB48,E,GP_C,GP,
WYCV2921,E,GP_C,GP,
WYNB1,E,GP_N,GP,
WYNB18,E,GP_N,GP,
WYNB25,I,GP_N,GP,
WYNB31,I,GP_N,GP,
WYNB44,U,GP_N,GP,
WYNB6,P,GP_N,GP,
WYNB900,U,GP_N,GP,
WYNV2883,E,GP_N,GP,
WYNV2887,E,GP_N,GP,
WYNV2922,E,GP_N,GP,
WYNV634,P,GP_N,GP,
WYNV646,P,GP_N,GP,
WYNV667,I,GP_N,GP,
WYWM0749,P,WM,West,
WYWM0754,I,WM,West,
WYWM0774,I,WM,West,
WYWM1494,P,WM,West,
WYWM1495,P,WM,West,
WYWM1500,I,WM,West,
WYWM1510,P,WM,West,
WYWM1521,I,WM,West,"Review more closely. Longest flow is ~43, so borderline I."
WYWM1523,I,WM,West,Q&D Interpretation of logger data
WYWM1529,P,WM,West,
WYWM1530,P,WM,West,
WYWM1531,P,WM,West,
WYWM1534,P,WM,West,
WYWM1535,I,WM,West,
WYWM1536,P,WM,West,"Review more closely. Looks I, but does not match field observations (suggests P)"
WYWM1537,P,WM,West,
WYWM1540,P,WM,West,
WYWM1841,E,WM,West,
WYWM1913,E,WM,West,
WYWM1914,I,WM,West,
WYWM1915,I,WM,West,
WYWM1916,I,WM,West,
WYWM9146,I,WM,West,"Review more closely. Longest flow is ~44, so borderline I."
WYWM9147,I,WM,West,Q&D Interpretation of logger data
WYWM9148,U,WM,West,REJECT. P or I fuzzy. Loggers show brief dry periods but they don't match field observations. We suspect this is due to logger being deployed above the surface
WYWM9154,P,WM,West,"Review. Could be P or I. Some dry periods indicated in L1, but none in L2. Field observations show wet conditions on those days"
WYWM9155,I,WM,West,Q&D Interpretation of logger data
