"sitecode","Class","Region_detail","Region","Note","lat","long"
"ALSE8667_B","I","SE","East","",33.863378,-85.554491
"ALSE8673_B","P","SE","East","",32.978692,-87.352142
"ALSE8674_B","P","SE","East","",32.975835,-87.337656
"ALSE8675_B","P","SE","East","",31.133242,-86.533692
"ALSE8676_B","P","SE","East","",31.136637,-86.539989
"ALSE8939_B","I","SE","East","",32.424037,-85.658641
"ALSE8940_B","E","SE","East","",32.422897,-85.651429
"ALSE8941_B","U","SE","East","",32.420643,-85.651346
"ALSE9185_B","P","SE","East","",32.848227,-87.665288
"ALSE9186_B","I","SE","East","",32.849788,-87.665509
"ALSE9443_BO","I","SE","East","",32.980153,-87.348132
"ALSE9533_B","I","SE","East","",32.955535,-87.982587
"ALSE9534_B","P","SE","East","",32.984413,-88.008207
"ALSE9592_V","I","SE","East","",33.313747,-86.485431
"ALSE9594_V","I","SE","East","",33.302177,-86.477919
"ALSE9595_V","I","SE","East","",33.31355,-86.482884
"ALSE9596_V","P","SE","East","",33.312175,-86.480429
"ARNE117_V","I","NE","East","",36.09019526,-94.1911621
"ARNE125_V","P","NE","East","",36.04425474,-94.13390281
"ARNE163_B","I","NE","East","",35.52911484,-92.9425981
"ARNE171_B","I","NE","East","",35.57172973,-92.66318504
"ARNE230_V","I","NE","East","",35.85014207,-90.72378663
"ARNE8840_V","P","NE","East","",35.75100222,-93.76650677
"ARNE8845_V","I","NE","East","",35.75182232,-93.77450269
"ARNE8884_B","I","NE","East","",35.52160276,-92.66725986
"ARNE8937_B","U","NE","East","",35.53749275,-92.92007405
"ARSE5406_B","I","SE","East","",34.7972568,-93.00544856
"ARSE8019_B","I","SE","East","",34.8019297,-93.00588944
"ARSE8022_B","U","SE","East","",34.80579247,-92.99164729
"ARSE9438_B","U","SE","East","",34.87455255,-92.96590346
"ARSE9485_B","E","SE","East","",34.79382907,-93.02713404
"ARSE9486_B","E","SE","East","",34.79415589,-93.0274354
"AZAW0006","I","AW","West","",35.38319171,-113.65883759
"AZAW0007","E","AW","West","",35.16058005,-113.63644968
"AZAW0008","I","AW","West","",35.05034808,-112.05312803
"AZAW0014","P","AW","West","Q&D Interpretation of logger data",34.8602499,-111.76275713
"AZAW0022","I","AW","West","",34.63745261,-110.71324831
"AZAW0032","P","AW","West","",34.43316,-112.41875
"AZAW0033","E","AW","West","",34.4215473,-113.24367567
"AZAW0035","P","AW","West","",34.31410878,-112.0610994
"AZAW0036","P","AW","West","Q&D Interpretation of logger data",34.31449,-109.36232
"AZAW0041","E","AW","West","",34.22962352,-113.61231283
"AZAW0042","E","AW","West","",34.21059966,-113.46347932
"AZAW0044","I","AW","West","",34.13337533,-111.77260154
"AZAW0046","P","AW","West","",34.0899352,-110.87357156
"AZAW0050","I","AW","West","",33.97519212,-112.09609984
"AZAW0051","E","AW","West","",33.96906,-112.72501
"AZAW0053","E","AW","West","",33.88888711,-111.21516113
"AZAW0055","I","AW","West","",33.88502,-112.66206
"AZAW0060","I","AW","West","Q&D Interpretation of logger data",33.79807929,-110.96718045
"AZAW0065","E","AW","West","",33.643,-112.72083
"AZAW0066","E","AW","West","",33.63311297,-111.44496941
"AZAW0070","E","AW","West","Q&D review of logger data",34.34473947,-112.5993826
"AZAW0072","E","AW","West","Q&D review of logger data",33.37551,-112.73676
"AZAW0074","I","AW","West","Q&D review of logger data",33.98091,-112.73013
"AZAW0076","I","AW","West","Q&D review of logger data",33.93182,-112.69567
"AZAW0081","P","AW","West","",32.35115001,-111.09618978
"AZAW0082","E","AW","West","",32.33531247,-111.04284619
"AZAW0084","I","AW","West","",32.3148914,-110.81101482
"AZAW0085","E","AW","West","",32.30112209,-111.01019804
"AZAW0086","E","AW","West","",32.2708441,-110.91656272
"AZAW0090","I","AW","West","",32.13029607,-110.62796304
"AZAW0099","E","AW","West","",31.83719773,-110.56918757
"AZAW0103","P","AW","West","",31.62549419,-110.17426719
"AZAW0105","P","AW","West","",31.55342652,-110.14001271
"AZAW9029","E","AW","West","Q&D Interpretation of logger data",34.52324344,-110.9951933
"AZAW9030","E","AW","West","Q&D Interpretation of logger data. 2 days of  flow in late summer of 2022",34.52348363,-110.99534966
"AZAW9031","E","AW","West","Q&D Interpretation of logger data",34.52525352,-110.98155424
"AZAW9032","I","AW","West","Q&D Interpretation of logger data",34.03552954,-109.18479429
"AZWM0113","I","WM","West","",35.14608424,-112.06030516
"AZWM0114","I","WM","West","",35.05658448,-111.49059421
"AZWM0115","I","WM","West","",34.72910779,-111.09918456
"AZWM0116","I","WM","West","",34.51771495,-110.98628007
"AZWM0118","I","WM","West","",34.43714725,-111.03649892
"AZWM0119","P","WM","West","",34.41131886,-111.37383804
"AZWM0120","P","WM","West","",34.17725,-109.986
"AZWM0121","I","WM","West","",34.03009529,-109.18624114
"AZWM0122","P","WM","West","",34.01765497,-109.45695863
"AZWM0123","I","WM","West","",33.94533644,-109.15486734
"AZWM0124","P","WM","West","",33.82242695,-109.81491127
"AZWM1588","E","WM","West","",34.15643723,-109.88016215
"AZWM1589","E","WM","West","Q&D review of logger data, plus review by PDT",34.38932756,-110.49341785
"AZWM1590","E","WM","West","",34.43167093,-110.59938173
"AZWM1591","E","WM","West","",34.43142808,-110.59446012
"AZWM1834","I","WM","West","Q&D Interpretation of logger data and field observations of drying",33.74760989,-109.21062355
"AZWM1842","E","WM","West","",35.26909726,-111.65652066
"AZWM1843","E","WM","West","",35.25356628,-111.62425515
"AZWM1847","E","WM","West","Q&D Interpretation of logger data",35.16721533,-111.67105258
"AZWM1848","E","WM","West","",35.22347,-111.624023
"AZWM1850","I","WM","West","Q&D Interpretation of logger data and field observations of drying",35.19568457,-111.59686753
"AZWM1853","P","WM","West","",34.05561173,-109.40117084
"AZWM1854","I","WM","West","",34.05757822,-109.29655922
"AZWM1855","I","WM","West","",33.67497497,-109.27025347
"AZWM1866","E","WM","West","Q&D review of logger data. Longest wet is 35 days (borderline I)",35.06459827,-111.73360472
"AZWM1867","E","WM","West","",35.05902365,-111.71665248
"CAAW0242","P","AW","West","",36.7053813,-121.70546141
"CAAW0243","E","AW","West","Long term gage suggests ephemeral, even though study period was much wetter",36.65352412,-120.63176329
"CAAW0244","I","AW","West","",36.62992705,-121.67462819
"CAAW0247","P","AW","West","",36.50924205,-121.76616453
"CAAW0249","P","AW","West","",36.50947403,-121.76686043
"CAAW0260","P","AW","West","Q&D review of gage data",35.80487845,-116.189207
"CAAW0265","I","AW","West","Q&D review of gage data; logger data unavailable",35.62788569,-120.68434
"CAAW0266","E","AW","West","Q&D Review of logger data",35.60076299,-116.35346582
"CAAW0270","P","AW","West","Q&D review of gage data",35.23783362,-120.47335857
"CAAW0281","P","AW","West","",34.69267,-118.7919
"CAAW0332","I","AW","West","",34.16635091,-116.57285593
"CAAW0354","I","AW","West","",34.00754,-116.62183
"CAAW0361","E","AW","West","Q&D review of logger data",33.90218808,-115.21766547
"CAAW0377","P","AW","West","",33.83035759,-116.31179076
"CAAW0381","E","AW","West","",33.79713873,-116.47905341
"CAAW0387","E","AW","West","",33.7485815,-116.4191914
"CAAW0392","I","AW","West","",33.70954,-117.62545
"CAAW0394","E","AW","West","",33.69335,-117.68461
"CAAW0396","I","AW","West","",33.6626,-117.302733
"CAAW0405","I","AW","West","Q&D review of older logger data; contemporary data insufficient (looks P)",33.57585993,-116.4173428
"CAAW0410","I","AW","West","",33.50232,-117.64785
"CAAW0412","P","AW","West","",33.50207,-117.66735
"CAAW0414","I","AW","West","",33.4788792,-117.1429828
"CAAW0419","I","AW","West","",33.45768,-116.97079
"CAAW0426","I","AW","West","",33.42009,-116.86157
"CAAW0430","P","AW","West","Q&D review of older logger data; contemporary data insufficient",33.53426,-117.25918
"CAAW0432","I","AW","West","Cole Creek, not Cougar.",33.56382,-117.2483
"CAAW0434","P","AW","West","Gage is intermittent, but we know there are standing permanent pools here",33.47861,-117.14264
"CAAW0436","P","AW","West","Q&D review of gage data",33.47299,-117.1439
"CAAW0438","U","AW","West","Alt Cole Creek site, no logger data?",33.53777,-117.26456
"CAAW0440","I","AW","West","Q&D review of gage data",33.55551,-117.23183
"CAAW0441","I","AW","West","Q&D Review of logger data",33.320501,-116.622748
"CAAW0449","I","AW","West","Short record but sufficient for determining intermittency",33.268141,-116.639619
"CAAW0454","E","AW","West","Manual inspection shows 34 continuous days of flow",33.112503,-116.445546
"CAAW0473","E","AW","West","Q&D review of logger data",32.726926,-116.462871
"CAAW9243","I","AW","West","Short record but sufficient for determining intermittency",38.76898077,-121.27466029
"CAAW9247","P","AW","West","Q&D Review of logger data; short record but site is well known",38.537509,-121.867971
"CAAW9248","E","AW","West","Q&D review of logger data. Longest wet is 24 days",38.54507382,-121.85147789
"CAWM0477","I","WM","West","",41.90430412,-124.15432905
"CAWM0478","I","WM","West","",41.88687781,-124.14424195
"CAWM0485","P","WM","West","",41.123772,-122.06619365
"CAWM0495","P","WM","West","",41.01788169,-121.65609498
"CAWM0507","P","WM","West","",40.72581662,-122.83696943
"CAWM0519","P","WM","West","",40.4815468,-123.8934133
"CAWM0522","I","WM","West","Q&D review of logger data",40.42881796,-123.27405268
"CAWM0523","I","WM","West","Q&D review of logger data",40.40778388,-123.28321101
"CAWM0525","E","WM","West","Q&D review of logger data (incomplete)",40.35184178,-123.97734263
"CAWM0528","I","WM","West","",40.2856161,-123.33638235
"CAWM0549","I","WM","West","",39.68837613,-123.49251024
"CAWM0566","P","WM","West","",39.43445,-120.23299
"CAWM0588","I","WM","West","",39.27453686,-120.36677782
"CAWM0592","I","WM","West","",39.162316,-120.15166
"CAWM0595","I","WM","West","",39.13107,-120.15658
"CAWM0598","P","WM","West","",39.01725,-120.16146
"CAWM0609","P","WM","West","",38.924776,-119.99438
"CAWM0610","P","WM","West","",38.92093,-119.972146
"CAWM0621","I","WM","West","",38.783148,-120.778963
"CAWM0652","P","WM","West","",38.40383696,-120.44557676
"CAWM0657","I","WM","West","",38.27936409,-119.97028135
"CAWM0672","I","WM","West","",38.033208,-119.2169907
"CAWM0684","I","WM","West","",37.84136725,-120.18561404
"CAWM0697","I","WM","West","",37.32561,-122.38593
"CAWM0718","P","WM","West","",37.1358884,-119.25585005
"CAWM0720","P","WM","West","",37.04202,-122.07066
"CAWM0724","P","WM","West","",36.87977786,-119.13008244
"CAWM0736","I","WM","West","",35.94418456,-118.47522608
"CAWM1822","I","WM","West","",39.03568,-119.94151
"CAWM1831","I","WM","West","",39.25961,-120.61564
"CAWM1837","I","WM","West","Some logger data available. Cutoff too high, but pattern clearly supports intermittent",39.42444048,-120.28092981
"CAWM1871","E","WM","West","",41.31261338,-122.2037397
"CAWM1882","I","WM","West","",38.53967072,-122.91346169
"CAWM1891","E","WM","West","",40.64884516,-122.98619527
"CAWM1892","E","WM","West","",40.7620913,-122.90253377
"CAWM1894","E","WM","West","",40.75986248,-122.88650966
"CAWM1895","E","WM","West","",40.78596488,-122.89482987
"CAWM1898","E","WM","West","",40.75566294,-122.9342985
"CAWM1899","E","WM","West","",40.76218771,-122.92706726
"CAWM1900","E","WM","West","",40.76565614,-122.92356824
"CAWM1902","E","WM","West","",40.59695114,-122.92389278
"CAWM9002","I","WM","West","Clear spring dry period that doesn't correspond to frozen.",41.76193791,-123.40451874
"CAWM9005","E","WM","West","Confirmd by one logger",39.68915096,-123.47930602
"CAWM9007","I","WM","West","Short logger records show continuous surface water, but site never had 100% surface flow at any site visit",39.43031,-120.23438
"CAWM9008","I","WM","West","Record long enough to show intermttent flow of a few months in spring",39.43037207,-120.24287366
"COAW0746","E","AW","West","",39.93695259,-108.3025392
"COAW0751","I","AW","West","",39.39590807,-108.98151426
"COAW0755","I","AW","West","Q&D Interpretation of logger data",38.68784,-108.18502
"COAW0761","I","AW","West","Q&D Interpretation of logger data. May be better to review more closely, as one logger shows much more sporadic flow than the other",39.0540992,-108.6011919
"COAW0765","I","AW","West","",39.04022243,-108.7186374
"COAW0767","E","AW","West","",39.30909632,-108.98178273
"COAW0775","E","AW","West","",38.83424986,-108.48136852
"COAW0777","E","AW","West","",38.77331246,-108.22832926
"COAW0781","U","AW","West","REJECT. No logger data available. Lindsey Reynolds site, but missed coordinates. No independent classification info?",38.68926833,-108.18885611
"COAW0782","E","AW","West","",39.35337268,-108.727915
"COAW0785","P","AW","West","",38.31255442,-108.8851823
"COAW0786","P","AW","West","Q&D Interpretation of logger data",38.78449,-107.83404
"COAW0790","P","AW","West","Logger data missing but classification based on gage data",38.03145,-108.11205
"COAW0792","I","AW","West","No logger data available. Sampled once Based on gage data",37.81234318,-109.0235728
"COAW1359","I","AW","West","Q&D Interpretation of logger data",40.9014,-108.67645
"COAW1366","I","AW","West","Q&D Interpretation of logger data",37.87341,-108.57825
"COAW1383","I","AW","West","",39.36034915,-108.73805551
"COAW1442","I","AW","West","Q&D Interpretation of logger data",38.9992377,-108.3665362
"COAW1449","I","AW","West","Q&D Interpretation of logger data",38.8574821,-107.9953633
"COAW1539","I","AW","West","Q&D review of logger data",40.69225134,-108.40026983
"COAW9104","E","AW","West","Q&D Interpretation of logger data",40.58692537,-108.30405021
"COAW9110","E","AW","West","Q&D Interpretation of logger data",38.7771009,-108.249327
"COAW9111","E","AW","West","Looks E but data are missing for a big chunk in Spring. No APT possible. Weather during gap is dry but not rain-free. Referrred to PDT",38.77038,-108.24999
"COCB1","P","GP_C","GP","",40.05133,-105.179335
"COCB120","U","GP_C","GP","",39.82257,-105.15784
"COCB121","P","GP_C","GP","",39.66372,-105.0907
"COCB122","U","GP_C","GP","",39.66753,-105.00409
"COCB13","E","GP_C","GP","",37.571241,-104.016168
"COCB140","E","GP_C","GP","",37.177005,-103.033507
"COCB141","E","GP_C","GP","",37.146885,-102.998817
"COCB143","E","GP_C","GP","",37.146853,-103.00854
"COCB2","P","GP_C","GP","",39.97802,-105.1117
"COCB5","P","GP_C","GP","",39.807,-104.79378
"COCB6","P","GP_C","GP","",40.58707,-105.06789
"COCV3140","U","GP_C","GP","",40.48358,-105.11848
"COCV3185","E","GP_C","GP","",40.96789,-105.08787
"COCV3305","U","GP_C","GP","",40.81982,-104.71235
"COCV3309","E","GP_C","GP","",39.8537,-104.35725
"COCV3310","U","GP_C","GP","",39.63659,-104.23796
"COCV553","E","GP_C","GP","",38.43279,-104.83333
"COCV559","E","GP_C","GP","",38.6552,-104.77819
"COCV562","U","GP_C","GP","",38.66609,-104.77728
"COCV568","E","GP_C","GP","",40.80496,-104.76205
"COCV585","P","GP_C","GP","",38.28798,-104.60192
"COWM0780","E","WM","West","",38.2274,-107.259
"COWM0821","E","WM","West","",40.88427235,-105.43687907
"COWM0841","I","WM","West","",40.76918987,-105.34306051
"COWM0852","P","WM","West","",40.69786259,-105.44103146
"COWM0854","I","WM","West","",40.69604909,-105.29445603
"COWM0861","I","WM","West","",40.69291593,-105.26545205
"COWM0862","I","WM","West","",40.69159356,-105.31093226
"COWM0873","P","WM","West","",40.68575523,-105.30359457
"COWM0876","P","WM","West","",40.68331178,-105.3024486
"COWM0905","I","WM","West","",40.61462196,-105.81965494
"COWM0926","E","WM","West","Q&D Interpretation of logger data",40.57788789,-105.17697673
"COWM0929","E","WM","West","",40.57598617,-105.17970695
"COWM0940","I","WM","West","",40.56435824,-105.17627405
"COWM0944","I","WM","West","",40.5597636,-105.1723804
"COWM0952","E","WM","West","Q&D Interpretation of logger data",40.554044,-105.1685684
"COWM0973","P","WM","West","",40.51453575,-105.88393416
"COWM0989","E","WM","West","",40.4841547,-105.23777233
"COWM1002","E","WM","West","",40.4745943,-105.23355925
"COWM1004","I","WM","West","",40.40497048,-105.59256546
"COWM1019","P","WM","West","",39.99977751,-106.17966682
"COWM1029","P","WM","West","Q&D review of logger data",39.86667,-105.40366
"COWM1030","I","WM","West","Q&D review of logger data",39.86825,-105.45023
"COWM1092","P","WM","West","",39.3656178,-106.82573427
"COWM1093","P","WM","West","",37.58906211,-108.16315577
"COWM1156","I","WM","West","",39.35553194,-106.81915875
"COWM1170","P","WM","West","Review more closely. Likely P, but field observations don't always match logger readings. Lots of ringing",39.7156771,-106.1604833
"COWM1172","P","WM","West","",37.354728,-106.544339
"COWM1361","E","WM","West","",39.8247702,-106.21460997
"COWM1368","P","WM","West","",38.28971579,-107.21208
"COWM1421","I","WM","West","",39.36409431,-106.74137888
"CTNE4307_V","P","NE","East","",41.942088,-73.390944
"CTNE4333_V","P","NE","East","",41.4660553,-72.8972221
"CTNE8862_B","I","NE","East","",41.9674,-73.431777
"CTNE8863_V","I","NE","East","",41.9704177,-73.0177606
"CTNE8864_B","I","NE","East","",41.78499176,-72.8619033
"FLSE6566_V","P","SE","East","",30.2616662,-85.0129367
"FLSE6568_VO","P","SE","East","",30.2474586,-85.00404
"FLSE6606_B","I","SE","East","",30.31492,-84.399508
"FLSE6607_V","P","SE","East","",30.2675739,-84.4013965
"FLSE6780_V","I","SE","East","",28.0585456,-82.4612924
"FLSE6807_V","I","SE","East","",27.984737,-82.371721
"FLSE6822_V","P","SE","East","",27.7926211,-82.3519803
"FLSE8220_V","E","SE","East","",30.667269,-84.219862
"FLSE9184_B","U","SE","East","",30.547903,-84.954919
"FLSE9507_B","E","SE","East","",30.819493,-86.849941
"FLSE9508_B","E","SE","East","",30.80646,-86.852121
"FLSE9509_B","E","SE","East","",30.376755,-84.607596
"FLSE9521_B","I","SE","East","",30.319635,-84.408364
"FLSE9522_V","I","SE","East","",30.665022,-84.254504
"FLSE9523_B","I","SE","East","",30.041655,-85.009415
"FLSE9524_B","I","SE","East","",30.815183,-86.840762
"FLSE9551_B","P","SE","East","",30.562077,-84.945781
"FLSE9552_BO","I","SE","East","",30.562638,-84.950444
"FLSE9563_V","I","SE","East","",28.093102,-82.4033057
"FLSE9564_V","E","SE","East","",28.11335,-82.34899
"FLSE9569_V","I","SE","East","",30.669727,-84.236636
"FLSE9609_V","I","SE","East","",29.9677691,-82.1995634
"FLSE9610_V","P","SE","East","",29.8617763,-82.2834294
"FLSE9613_V","I","SE","East","",29.9495033,-82.2108439
"FLSE9617_V","I","SE","East","",29.90451,-82.22075
"GASE8689_B","P","SE","East","",33.46320667,-83.73310333
"GASE8691_B","I","SE","East","",33.47156667,-83.74092833
"GASE8697_B","P","SE","East","",34.76503333,-83.93042167
"GASE8701_BO","P","SE","East","",34.64518933,-85.21415397
"GASE8706_BO","P","SE","East","",34.64045939,-85.21517727
"GASE8709_B","E","SE","East","",34.7672306,-83.3768722
"GASE8711_B","U","SE","East","",34.7648154,-83.3742675
"GASE9171_V","I","SE","East","",33.629925,-84.17354
"GASE9172_V","E","SE","East","",33.62913667,-84.17054
"GASE9173_V","E","SE","East","",33.63203,-84.17734833
"GASE9180_B","I","SE","East","",31.19086167,-84.48743167
"GASE9181_B","P","SE","East","",31.44092667,-84.463925
"GASE9189_B","P","SE","East","",33.33057333,-83.45019333
"GASE9190_B","I","SE","East","",33.32672333,-83.45716667
"GASE9444_B","P","SE","East","",34.77308667,-83.916885
"GASE9493_B","P","SE","East","",33.3504,-83.45522333
"GASE9494_B","U","SE","East","",33.3454012,-83.4477862
"GASE9495_B","P","SE","East","",33.35236,-83.48629667
"IAUB105","I","GP_U","GP","",41.72556,-93.34902
"IAUB106","I","GP_U","GP","",41.74239,-93.38808
"IAUB108","I","GP_U","GP","",41.94595,-93.25291
"IAUB109","I","GP_U","GP","",41.9323,-93.24604
"IAUB110","I","GP_U","GP","",41.93306,-93.23682
"IAUB111","U","GP_U","GP","",41.93567,-93.23438
"IAUB112","U","GP_U","GP","",41.94812,-93.23771
"IAUB29","I","GP_U","GP","",41.53178,-93.25756
"IAUB30","I","GP_U","GP","",41.58345,-93.26469
"IAUB31","I","GP_U","GP","",41.58971,-93.27642
"IAUV1867","P","GP_U","GP","",42.64349,-95.04693
"IAUV1870","P","GP_U","GP","",42.12512,-94.975
"IAUV3341","E","GP_U","GP","",42.2634352,-95.0530565
"IAUV3342","I","GP_U","GP","",42.23983,-95.01714
"IAUV3343","I","GP_U","GP","",42.22536,-95.01277
"ILNE8568_V","E","NE","East","",37.5327774,-88.5703777
"ILNE8569_B","P","NE","East","",37.56923182,-88.50640384
"ILNE8572_B","E","NE","East","",37.58985498,-88.50353624
"ILNE8578_B","E","NE","East","",37.5423241,-88.55155116
"ILNE8579_B","I","NE","East","",37.54092091,-88.50982334
"ILUV3350","I","GP_U","GP","",42.34462326,-88.86632337
"ILUV3353","I","GP_U","GP","",41.693849,-87.867058
"INNE667_V","P","NE","East","",40.41614,-87.04042
"INNE752_B","P","NE","East","",41.72847647,-86.26342448
"INNE8239_B","I","NE","East","",39.07048028,-86.1765169
"INNE8242_B","I","NE","East","",39.07922753,-86.18702835
"INNE8245_B","I","NE","East","",39.06571828,-86.18702808
"INNE8252_B","I","NE","East","",39.02520937,-86.32692538
"INNE8584_V","E","NE","East","",39.03928,-86.31941
"INNE8860_B","I","NE","East","",41.65933834,-86.23766634
"INNE9598_V","I","NE","East","",40.38248,-87.08231
"INNE9599_V","E","NE","East","",40.378386,-87.0877595
"INNE9600_VO","E","NE","East","",40.37654142,-87.0886352
"INNE9602_V","P","NE","East","",40.3696911,-87.3223604
"INNE9603_V","P","NE","East","",40.4283563,-87.3580204
"INNE9604_V","P","NE","East","",40.60249,-86.54046
"INNE9606_V","I","NE","East","",38.78036,-86.2859
"INNE9607_V","E","NE","East","",38.78401,-86.28874
"INNE9608_V","E","NE","East","",38.78304,-86.2881
"KSCB102","E","GP_C","GP","",39.64039,-99.13393
"KSCB103","I","GP_C","GP","",39.65613,-99.23486
"KSCB104","I","GP_C","GP","",37.12195,-101.89543
"KSCB16","I","GP_C","GP","",37.83688,-96.76958
"KSCB17","I","GP_C","GP","",37.86285,-96.75921
"KSCB18","I","GP_C","GP","",37.84523,-96.76294
"KSCB20","I","GP_C","GP","",37.74532,-96.92878
"KSCB21","U","GP_C","GP","",37.84872,-96.93668
"KSCB22","U","GP_C","GP","",39.67896,-99.25191
"KSCB23","P","GP_C","GP","",39.60277,-99.19414
"KSCB25","E","GP_C","GP","",39.60711,-99.19875
"KSCB26","I","GP_C","GP","",38.84991,-100.98863
"KSCB27","I","GP_C","GP","",38.86851,-101.01726
"KSCB28","I","GP_C","GP","",38.88536,-101.01065
"KSCV2959","P","GP_C","GP","",39.08749,-96.58472
"KSCV3228","I","GP_C","GP","",39.08705,-96.57703
"KSCV3231","E","GP_C","GP","",39.08854,-96.57681
"KSCV3244","I","GP_C","GP","",38.44532,-96.59428
"KSCV3245","I","GP_C","GP","",38.45008,-96.57754
"KSCV3246","I","GP_C","GP","",38.46135,-96.57481
"KSCV3247","I","GP_C","GP","",38.46228,-96.57537
"KSCV3248","I","GP_C","GP","",38.46788,-96.57908
"KSCV3250","I","GP_C","GP","",38.4875,-96.57
"KSCV730","E","GP_C","GP","",37.74641,-100.02235
"KSCV814","P","GP_C","GP","",37.6644,-97.45683
"KSUV2926","I","GP_U","GP","",38.81094,-95.18691
"KSUV888","P","GP_U","GP","",39.0183,-95.73766
"KSUV938","P","GP_U","GP","",38.9257,-94.69742
"KSUV944","P","GP_U","GP","",38.90157,-94.64673
"KYNE1767_V","P","NE","East","",37.6342,-84.76884
"KYNE8221_B","I","NE","East","",37.49702879,-83.13448223
"KYNE8224_B","E","NE","East","",37.50249506,-83.13574592
"KYNE8228_B","E","NE","East","",37.48961332,-83.11402944
"KYNE8231_B","E","NE","East","",37.49161402,-83.12689565
"KYNE8234_B","P","NE","East","",37.48463711,-83.12474431
"KYNE8235_B","E","NE","East","",37.47305436,-83.12714809
"KYNE8236_B","E","NE","East","",37.47332272,-83.1273543
"KYNE8255_B","I","NE","East","",37.47810831,-83.15657514
"KYNE8386_B","I","NE","East","",37.45981818,-83.15989774
"KYNE8388_B","I","NE","East","",37.49152412,-83.13593545
"KYNE8785_B","P","NE","East","",36.69053078,-83.99624365
"KYNE9129_B","P","NE","East","",37.4906641,-83.127233
"KYNE9566_V","E","NE","East","",37.66595,-84.73167
"LASE8997_B","U","SE","East","",32.14125036,-92.48355521
"LASE9004_B","I","SE","East","",32.1563012,-92.45943225
"LASE9446_B","I","SE","East","",32.05395298,-92.93685262
"LASE9447_B","I","SE","East","",32.15501884,-92.44670154
"LASE9448_B","U","SE","East","",31.15886027,-92.52127438
"LASE9449_B","I","SE","East","",31.15579933,-92.52454466
"LASE9452_B","E","SE","East","",31.13664795,-92.57687517
"LASE9453_B","I","SE","East","",31.25865946,-92.71629077
"LASE9455_B","P","SE","East","",31.2405023,-92.70614762
"LASE9456_B","P","SE","East","",31.20298774,-92.57750221
"LASE9457_B","P","SE","East","",31.65700246,-92.50806304
"LASE9462_B","I","SE","East","",31.68659967,-92.45051941
"LASE9999_B","U","SE","East","",32.15122,-92.49088
"MANE8868_BO","P","NE","East","",42.027655,-71.3846
"MANE8952_V","I","NE","East","",42.5338646,-72.1857377
"MANE8955_V","P","NE","East","",42.5391276,-72.1721268
"MANE9515_B","P","NE","East","",42.182968,-71.419451
"MANE9517_B","P","NE","East","",42.139969,-71.549033
"MDNE3514_B","P","NE","East","",39.52807167,-77.46824333
"MDNE8173_V","I","NE","East","",38.86908333,-76.55233333
"MDNE8175_V","I","NE","East","",38.88411667,-76.55318833
"MDNE9047_B","I","NE","East","",39.60884,-77.62027333
"MDNE9116_V","I","NE","East","",39.05499833,-75.83503833
"MDNE9117_V","I","NE","East","",39.05791,-75.82895833
"MDNE9119_V","I","NE","East","",39.048636,-75.761241
"MDNE9120_V","P","NE","East","",39.05414,-75.841065
"MDNE9124_V","I","NE","East","",39.053205,-75.84059667
"MDNE9684_V","I","NE","East","",39.06373833,-75.82811
"MDNE9685_V","P","NE","East","",38.976635,-75.933525
"MENE4957_V","P","NE","East","",44.33279,-68.207569
"MENE4960_V","I","NE","East","",44.8587232,-68.1031582
"MENE4961_V","P","NE","East","",44.8592241,-68.1038209
"MENE8880_B","I","NE","East","",43.47286222,-70.42910283
"MENE8881_B","I","NE","East","",43.4747939,-70.429819
"MENE8948_B","P","NE","East","",44.3183009,-68.31719676
"MENE8950_B","P","NE","East","",44.311015,-68.33600333
"MINE1099_B","P","NE","East","",42.26506468,-83.68849126
"MINE1125_V","P","NE","East","",42.46451,-83.36938
"MINE1140_V","P","NE","East","",42.31142529,-83.24430473
"MINE8825_V","I","NE","East","",45.5371199,-84.6967272
"MINE8835_V","P","NE","East","",45.54873,-84.68251
"MINE8886_BO","P","NE","East","",42.96509749,-85.88546295
"MINE8887_B","P","NE","East","",42.95957857,-85.88413109
"MINE8888_B","U","NE","East","",42.95382913,-85.87980126
"MINE9108_B","P","NE","East","",42.97061051,-85.8921763
"MIUV2817","P","GP_U","GP","",46.36155183,-89.69719493
"MIUV3337","I","GP_U","GP","",46.66357399,-90.00880906
"MIUV3339","I","GP_U","GP","",46.66368957,-89.98698574
"MIUV3340","I","GP_U","GP","",46.6635637,-89.98088974
"MNUB10","P","GP_U","GP","",47.76800716,-91.75141949
"MNUB119","I","GP_U","GP","",45.23862,-96.40976
"MNUB17","U","GP_U","GP","",47.79265493,-91.70370577
"MNUB26","I","GP_U","GP","",47.8412578,-91.65914646
"MNUB27","P","GP_U","GP","",47.84338685,-91.65007372
"MNUB4","I","GP_U","GP","",48.20002926,-92.48441063
"MNUB44","U","GP_U","GP","",48.24232506,-92.51378842
"MNUB45","P","GP_U","GP","",45.2261,-96.35276
"MNUB6","P","GP_U","GP","",47.8347554,-91.67418815
"MNUB8","P","GP_U","GP","",47.79988016,-91.73489777
"MNUV2065","I","GP_U","GP","",47.62682,-96.29428
"MNUV3334","I","GP_U","GP","",45.46201,-95.9727
"MNUV3335","I","GP_U","GP","",47.42812,-95.41871
"MONE299_B","U","NE","East","",37.99557376,-93.61067994
"MONE313_V","I","NE","East","",37.15441812,-93.36647359
"MONE349_V","E","NE","East","",37.70215,-92.2255
"MONE350_V","I","NE","East","",37.64252771,-92.22266333
"MONE357_V","I","NE","East","",37.72781994,-92.1733393
"MONE359_V","E","NE","East","",37.68936802,-92.10360914
"MONE363_V","P","NE","East","",37.55742408,-92.0492967
"MONE7985_B","I","NE","East","",37.79907218,-90.47573717
"MONE7991_B","I","NE","East","",38.26083985,-93.41598112
"MONE9103_B","P","NE","East","",37.96677631,-90.53496019
"MSSE5683_B","P","SE","East","",33.13652,-90.197666
"MSSE8726_B","I","SE","East","",33.933417,-89.766854
"MSSE8727_B","I","SE","East","",33.931865,-89.759896
"MSSE8803_B","P","SE","East","",34.231563,-89.916691
"MSSE8806_B","I","SE","East","",34.257502,-89.873234
"MSSE8818_B","I","SE","East","",34.264458,-89.875691
"MSSE8847_B","E","SE","East","",34.390385,-89.462416
"MSSE8848_B","P","SE","East","",34.408042,-89.336422
"MSSE8855_B","U","SE","East","",34.434085,-89.352227
"MSSE8856_B","U","SE","East","",34.51187,-89.360917
"MSSE9550_B","E","SE","East","",34.255638,-89.876872
"MSSE9555_V","E","SE","East","",33.515715,-89.428722
"MSSE9556_V","E","SE","East","",33.514978,-89.429641
"MSSE9557_V","P","SE","East","",33.513668,-89.427696
"MTAW9190","U","AW","West","REJECT. Loggers have a gap from late March to Late June, which is the rainiest period. Unable to distinguish between I and E. Likely reject, referred to PDT",45.02691,-109.05295
"MTAW9191","E","AW","West","Lots of blips but all fairly low",45.05369958,-109.0414805
"MTAW9192","E","AW","West","Q&D interpretation of logger data",45.03959848,-109.08655543
"MTNB14","E","GP_N","GP","",47.60925,-108.48254
"MTNB15","E","GP_N","GP","",47.60772,-108.4851
"MTNB19","I","GP_N","GP","",47.70096,-108.72368
"MTNB22","P","GP_N","GP","",48.08837,-107.55533
"MTNB28","I","GP_N","GP","",47.57866,-106.92739
"MTNB29","P","GP_N","GP","",47.96611,-108.66224
"MTNB3","U","GP_N","GP","",47.62444,-108.47562
"MTNB33","E","GP_N","GP","",48.09538,-107.59904
"MTNB4","I","GP_N","GP","",47.62666,-108.47336
"MTNB42","P","GP_N","GP","",47.7047,-108.54813
"MTNB45","I","GP_N","GP","",47.61179,-108.69646
"MTNB5","I","GP_N","GP","",47.62155,-108.53218
"MTNB8","I","GP_N","GP","",47.62923,-108.63843
"MTNV1001","E","GP_N","GP","",45.277597,-106.646055
"MTNV1018","P","GP_N","GP","",45.39288,-106.1498
"MTNV1035","I","GP_N","GP","",46.84975,-105.32186
"MTNV1044","U","GP_N","GP","",47.09483,-104.71471
"MTNV1050","P","GP_N","GP","",46.98566,-104.1868
"MTNV2975","E","GP_N","GP","",48.37413,-106.59476
"MTNV2976","E","GP_N","GP","",46.83407,-105.3514
"MTNV990","E","GP_N","GP","",45.18514,-106.90694
"MTWM1553","P","WM","West","Some brief dry readings are likely erroneous due to cutoff being too high",48.93044857,-115.48157272
"MTWM1563","I","WM","West","",48.83243975,-115.22833168
"MTWM1569","I","WM","West","",47.22366623,-114.9684108
"MTWM1711","I","WM","West","",46.0014055,-112.51558363
"MTWM1726","I","WM","West","",46.57131775,-112.21717992
"MTWM1729","P","WM","West","Large chunk missing in April",46.64940752,-112.12166173
"MTWM1736","P","WM","West","",46.57504958,-112.16645535
"MTWM1753","P","WM","West","",44.61737509,-111.65605802
"MTWM1785","I","WM","West","",46.75240328,-109.7516457
"MTWM1813","P","WM","West","",45.33166214,-108.80197699
"MTWM1815","I","WM","West","",45.26007775,-108.64153533
"MTWM1835","I","WM","West","",45.1314888,-108.76933401
"MTWM1836","I","WM","West","Q&D review of logger data",45.07744805,-108.25468584
"MTWM1840","I","WM","West","",48.70958031,-113.88489425
"MTWM1904","E","WM","West","",44.67480982,-111.75113026
"MTWM1905","E","WM","West","",44.66062458,-111.63865191
"MTWM1906","P","WM","West","",44.58812468,-111.66347341
"MTWM1907","I","WM","West","",44.67317346,-111.63259381
"MTWM1908","E","WM","West","",46.67277328,-112.07301423
"MTWM1910","E","WM","West","",46.67706368,-112.06327627
"MTWM9167","E","WM","West","Q&D review of logger data",46.59111473,-112.05142324
"MTWM9168","E","WM","West","Q&D review of logger data",46.58543557,-112.05143297
"MTWM9180","E","WM","West","Q&D review of logger data",45.0959315,-108.24819042
"MTWM9181","E","WM","West","Q&D interpretation of logger data. But review APT tool for 6/19/2022",45.10317985,-108.24444817
"MTWM9182","E","WM","West","Q&D interpretation of logger data",45.12104896,-108.24812579
"MTWM9183","E","WM","West","Q&D interpretation of logger data",45.03816586,-108.25872505
"NCSE9061_B","P","SE","East","",35.99806667,-78.63046667
"NCSE9065_B","I","SE","East","",35.99674,-78.63573833
"NCSE9069_B","E","SE","East","",35.99444,-78.63584667
"NCSE9077_B","P","SE","East","",35.857835,-78.76853
"NCSE9079_B","E","SE","East","",35.845845,-78.77544333
"NCSE9086_B","P","SE","East","",35.99709833,-78.64158333
"NCSE9087_B","P","SE","East","",35.832645,-78.74632167
"NDNV2938","I","GP_N","GP","",46.16454,-103.86744
"NDNV2941","I","GP_N","GP","",46.06612,-103.91424
"NDNV3351","E","GP_N","GP","",46.95096,-103.50589
"NDNV3352","E","GP_N","GP","",47.63117,-101.35214
"NDUB123","U","GP_U","GP","",46.68364,-98.05795
"NDUB124","P","GP_U","GP","",46.55548,-97.93789
"NDUB125","P","GP_U","GP","",46.55312,-97.94883
"NDUB13","I","GP_U","GP","",46.63243,-97.9539
"NDUB5","I","GP_U","GP","",46.48631,-97.26906
"NDUV3319","E","GP_U","GP","",47.30188,-98.85453
"NDUV3320","I","GP_U","GP","",47.25354,-98.86817
"NDUV3321","I","GP_U","GP","",47.45627,-99.53872
"NDUV3323","P","GP_U","GP","",47.1655,-98.97049
"NDUV3331","U","GP_U","GP","",46.95868,-98.7523
"NDUV3333","I","GP_U","GP","",47.02364,-98.87879
"NECB133","E","GP_C","GP","",40.39286,-100.67438
"NECB134","E","GP_C","GP","",40.3511,-100.66928
"NECB135","U","GP_C","GP","",40.34521,-100.70165
"NECB31","P","GP_C","GP","",41.42091,-100.19657
"NECV1198","P","GP_C","GP","",40.38398,-100.7396
"NECV1211","P","GP_C","GP","",40.46923,-100.29028
"NECV1249","I","GP_C","GP","",40.6469,-98.98959
"NECV1274","P","GP_C","GP","",40.8789,-98.37041
"NENV1222","P","GP_N","GP","",42.73389,-99.88113
"NEUB114","I","GP_U","GP","",42.77535,-98.08398
"NEUB116","I","GP_U","GP","",42.75838,-97.94547
"NEUB117","I","GP_U","GP","",42.75839,-97.95216
"NHNE8900_V","I","NE","East","",43.177455,-71.564791
"NHNE8903_V","I","NE","East","",43.173871,-70.929746
"NHNE8905_V","I","NE","East","",43.1707043,-71.2163451
"NHNE8906_V","U","NE","East","",43.171191,-71.214266
"NHNE9034_BO","P","NE","East","",43.1784252,-72.2302194
"NHNE9035_BO","P","NE","East","",43.17210108,-72.21529424
"NHNE9627_V","I","NE","East","",43.1255971,-71.6449762
"NHNE9628_V","I","NE","East","",43.129729,-71.640128
"NHNE9674_V","E","NE","East","",43.9560681,-71.7218551
"NHNE9675_V","I","NE","East","",43.9572432,-71.7216553
"NHNE9676_V","P","NE","East","",43.9584881,-71.720669
"NMAW1256","P","AW","West","Review more closely. Likely P, but field observations don't always match logger readings. Lots of ringing",36.92706528,-106.56370972
"NMAW1261","P","AW","West","",36.68241659,-105.65549031
"NMAW1266","P","AW","West","",36.34906445,-106.04379406
"NMAW1273","I","AW","West","",35.67177853,-105.98811343
"NMAW1274","E","AW","West","",35.64171932,-105.98932852
"NMAW1278","P","AW","West","",35.43390461,-106.12363908
"NMAW1279","P","AW","West","",35.39562947,-105.94385802
"NMAW1284","I","AW","West","",35.10130691,-108.7500785
"NMAW1291","P","AW","West","",33.14426015,-105.89965199
"NMAW1292","E","AW","West","",33.12646961,-104.3429327
"NMAW1293","I","AW","West","",32.84602779,-104.40185689
"NMAW1294","E","AW","West","",32.67227811,-104.36641228
"NMAW1295","E","AW","West","",32.58934726,-104.41931886
"NMAW1296","E","AW","West","",32.40358449,-104.22873119
"NMAW1298","P","AW","West","Logger record short but gage confirms status",32.21495245,-104.23004229
"NMAW1299","I","AW","West","",32.02227502,-104.05619863
"NMAW9036","P","AW","West","Despite L1 giving many dry readings, L2 is consistently wet. Field observations do not corroborate with dry L1 readings",35.99218333,-105.93072828
"NMAW9037","E","AW","West","Q&D review of logger data",35.58001037,-106.03505826
"NMAW9043","E","AW","West","Q&D review of logger data",36.92238,-106.59337
"NMAW9044","I","AW","West","Q&D review of logger data",36.70987225,-107.30890199
"NMAW9045","U","AW","West","Can't tell from logger or photos. Reject.",36.70374609,-107.31522504
"NMCB33","I","GP_C","GP","",33.40023932,-105.70359637
"NMCB34","I","GP_C","GP","",33.39365448,-105.74065508
"NMCB35","P","GP_C","GP","",33.40598806,-105.7393742
"NMCV11","P","GP_C","GP","",33.52406813,-105.46449432
"NMCV45","E","GP_C","GP","",35.09842212,-104.67550635
"NMCV46","E","GP_C","GP","",35.0945265,-104.66169218
"NMSB118","I","GP_S","GP","",32.32810836,-104.33900712
"NMSB2","E","GP_S","GP","",32.29058,-104.34914
"NMSB3","P","GP_S","GP","",32.51202,-104.33071
"NMSB4","E","GP_S","GP","",32.25587949,-104.37159715
"NMSV32","I","GP_S","GP","",32.82767279,-104.80301345
"NMSV65","E","GP_S","GP","",32.50738253,-104.37210218
"NMWM1260","P","WM","West","Loggers show erroneous dry periods, but USGS gage confirms flow status",36.70334391,-105.56823983
"NMWM1300","I","WM","West","",36.99298055,-106.03847852
"NMWM1301","I","WM","West","",36.98893379,-105.53257445
"NMWM1302","P","WM","West","",36.982146,-106.073711
"NMWM1303","P","WM","West","",36.96646534,-105.50719371
"NMWM1305","P","WM","West","Loggers show erroneous dry periods, but USGS gage confirms flow status",36.89719827,-105.26056194
"NMWM1311","P","WM","West","",36.535837,-105.22477
"NMWM1314","P","WM","West","",36.30290117,-105.58125721
"NMWM1316","P","WM","West","",35.96408031,-105.90519642
"NMWM1318","E","WM","West","",35.89035575,-106.30809315
"NMWM1319","E","WM","West","",35.88835482,-106.29744714
"NMWM1320","E","WM","West","",35.88656995,-106.30802702
"NMWM1328","P","WM","West","Q&D review of logger data",35.66912097,-106.74343559
"NMWM1332","P","WM","West","Short record but USGS gage confirms status",33.41021338,-105.74136554
"NMWM1333","I","WM","West","",33.39262709,-105.72428543
"NMWM1335","I","WM","West","",33.39155003,-105.61142186
"NMWM1856","P","WM","West","",33.89171141,-108.51531439
"NMWM1857","P","WM","West","",33.0614241,-108.53766499
"NMWM9051","I","WM","West","Q&D review of logger data",35.87527067,-106.62716617
"NMWM9054","E","WM","West","Q&D review of logger data",33.41081495,-105.74087885
"NMWM9055","E","WM","West","Q&D review of logger data",33.38363533,-105.59587998
"NMWM9063","E","WM","West","Q&D review of logger data",36.73297,-105.55345
"NVAW1179","P","AW","West","L1 shows drying, but L2 does not, nor does USGS gage",41.93394187,-115.67572444
"NVAW1182","I","AW","West","Q&D review of logger and gage data",41.68941484,-115.84408221
"NVAW1187","I","AW","West","Review of gage data, which is much longer than logger data (which suggests E)",40.95490028,-116.44048423
"NVAW1190","I","AW","West","",40.80381522,-116.20081224
"NVAW1191","I","AW","West","",40.72603131,-116.07777486
"NVAW1193","P","AW","West","",40.7107179,-116.1251375
"NVAW1196","P","AW","West","Loggers show some erroneous drying but gage and field observations show wet conditions",40.2253,-116.73
"NVAW1197","I","AW","West","Q&D inspection of logger data",40.17101276,-116.48616646
"NVAW1200","I","AW","West","Logger has many short, clustered flashy flows, but gage shows clearly intermittent",39.86895,-116.1669236
"NVAW1201","P","AW","West","Q&D inspection of logger data",39.78972848,-116.30094764
"NVAW1204","P","AW","West","",39.51297342,-119.71226997
"NVAW1205","P","AW","West","",39.49490832,-119.89423708
"NVAW1206","I","AW","West","",39.37737227,-119.74372339
"NVAW1207","P","AW","West","",39.21645257,-114.52967592
"NVAW1208","P","AW","West","Likely P but end of record gets hard to interpret. USGS gage says P",39.21251027,-117.11302245
"NVAW1210","I","AW","West","",39.18132955,-119.6947973
"NVAW1211","P","AW","West","",39.1757117,-119.8049503
"NVAW1212","I","AW","West","",39.16556691,-119.7216924
"NVAW1219","P","AW","West","Q&D inspection of logger data",38.88767819,-117.24469563
"NVAW1231","E","AW","West","",36.22688345,-115.0731105
"NVAW1234","E","AW","West","",36.15422763,-115.72707368
"NVAW1236","P","AW","West","",36.12367326,-115.48617018
"NVAW1237","I","AW","West","",36.12283167,-115.48271575
"NVAW1238","E","AW","West","",36.11986666,-115.46400064
"NVAW1242","P","AW","West","",36.09188763,-115.01980273
"NVAW1243","E","AW","West","",36.08290385,-115.45173422
"NVAW1244","P","AW","West","",36.07962925,-115.47758284
"NVAW1245","I","AW","West","",36.07960288,-115.47256485
"NVAW1247","I","AW","West","",35.98451969,-115.82699932
"NVAW9019","E","AW","West","Q&D inspection of logger data",41.65375578,-115.78375957
"NVAW9229","E","AW","West","Q&D inspection of logger data",39.88481014,-116.17320036
"NVAW9231","E","AW","West","Q&D inspection of logger data",39.17487668,-119.7022622
"NVWM1255","P","WM","West","",38.96470401,-119.84890193
"NVWM9034","E","WM","West","Q&D inspection of logger data",38.95862,-119.85423
"NYNE4129_V","I","NE","East","",43.947817,-73.990527
"NYNE8595_V","U","NE","East","",42.017478,-74.605927
"NYNE8602_B","I","NE","East","",41.944065,-74.588876
"NYNE8942_B","I","NE","East","",41.79969,-73.742762
"NYNE8943_B","P","NE","East","",41.788112,-73.732262
"NYNE8944_BO","U","NE","East","",41.791992,-73.740739
"NYNE9027_B","P","NE","East","",40.58352167,-74.12852333
"NYNE9028_B","I","NE","East","",40.58447667,-74.12681
"NYNE9029_B","U","NE","East","",40.58054333,-74.145625
"NYNE9030_B","I","NE","East","",40.59779,-74.15535167
"NYNE9032_B","P","NE","East","",40.59881667,-74.15524
"NYNE9111_B","I","NE","East","",41.94452,-74.588867
"NYNE9549_B","E","NE","East","",41.801133,-73.730271
"OHNE8283_B","P","NE","East","",39.18481174,-84.52972403
"OHNE8288_B","I","NE","East","",39.25522513,-84.47375922
"OHNE8419_B","E","NE","East","",39.18150361,-84.5743081
"OHNE8437_B","P","NE","East","",39.21866836,-84.38926503
"OHNE8465_B","I","NE","East","",39.25266665,-84.75255351
"OHNE8466_B","E","NE","East","",39.25153508,-84.75413328
"OHNE8471_B","E","NE","East","",39.25079421,-84.75383575
"OHNE8563_B","P","NE","East","",39.05312374,-84.32907321
"OHNE8605_V","E","NE","East","",38.6956902,-83.4292445
"OHNE8607_V","P","NE","East","",38.763717,-82.5681914
"OHNE8621_V","E","NE","East","",38.7591177,-82.5934531
"OHNE8626_B","U","NE","East","",38.72504753,-83.44301353
"OHNE8633_B","I","NE","East","",38.7127022,-83.43175205
"OHNE8636_V","I","NE","East","",38.7283692,-82.5238179
"OHNE8640_V","E","NE","East","",38.6980198,-83.4305867
"OHNE8644_V","E","NE","East","",38.72248,-82.53178
"OHNE9125_B","I","NE","East","",39.21962518,-84.38896428
"OHNE9126_B","I","NE","East","",39.15416558,-84.53015696
"OHNE9127_B","P","NE","East","",39.15164716,-84.52895395
"OHNE9128_B","I","NE","East","",39.29301406,-84.74546405
"OKCB105","E","GP_C","GP","",36.92562,-102.57051
"OKCB37","E","GP_C","GP","",36.62402,-101.24738
"OKCB38","E","GP_C","GP","",36.962328,-102.809421
"OKCB39","I","GP_C","GP","",36.958843,-102.746217
"OKCB40","E","GP_C","GP","",36.96838,-102.786242
"OKCB41","U","GP_C","GP","",36.62402,-101.24738
"OKCB42","U","GP_C","GP","",36.913381,-102.965983
"OKCB43","I","GP_C","GP","",36.82504,-100.54947
"OKCV1073","P","GP_C","GP","",35.65785,-99.30487
"OKNE54_V","I","NE","East","",36.37759428,-95.00734578
"OKNE8133_B","I","NE","East","",36.83227667,-96.35306553
"OKNE9107_B","I","NE","East","",36.80192079,-96.37502799
"OKNE9194_B","U","NE","East","",36.02024828,-94.85545767
"OKNE9249_V","P","NE","East","",35.67548672,-94.84196027
"OKNE9439_B","E","NE","East","",36.02606814,-94.85294386
"OKNE9440_B","E","NE","East","",36.07562207,-94.81011889
"OKSE9161_B","I","SE","East","",34.71387332,-94.6733372
"OKSE9162_B","I","SE","East","",34.71520892,-94.68476012
"OKSE9266_B","I","SE","East","",34.74568368,-94.57995027
"OKSE9291_BO","I","SE","East","",34.63484299,-94.65199201
"OKSE9323_B","I","SE","East","",34.70701387,-94.53883738
"OKSE9354_B","P","SE","East","",34.36833311,-94.62502319
"OKSE9361_B","U","SE","East","",34.36681535,-94.61033932
"OKSE9559_V","I","SE","East","",34.44855293,-96.65445819
"OKSE9560_VO","I","SE","East","",34.4529,-96.6662
"OKSE9561_V","I","SE","East","",34.44051463,-96.65632348
"OKSE9562_V","I","SE","East","",34.44644,-96.63409
"OKSE9672_V","P","SE","East","",34.45097309,-96.65424781
"PANE0567_V","I","NE","East","",40.411555,-75.22217167
"PANE3138_V","E","NE","East","",40.241362,-77.001869
"PANE3234_V","I","NE","East","",39.99676833,-76.23888167
"PANE3338_V","P","NE","East","",40.238335,-75.45160333
"PANE3345_V","P","NE","East","",39.88298,-75.42825833
"PANE8933_B","P","NE","East","",40.66677333,-77.90404
"PANE9043_B","U","NE","East","",40.6621,-77.931045
"PANE9044_B","I","NE","East","",40.67045667,-77.935275
"PANE9045_B","I","NE","East","",40.67102667,-77.938515
"PANE9046_B","U","NE","East","",40.672665,-77.93469667
"PANE9679_V","P","NE","East","",40.00197333,-80.48383
"PANE9681_V","I","NE","East","",39.99605333,-80.47591333
"PANE9682_V","I","NE","East","",39.98844833,-80.48696667
"PANE9683_V","E","NE","East","",39.98265333,-80.485745
"PRSE9539_B","U","CB","CB","",18.315713,-65.745274
"PRSE9540_B","P","CB","CB","",18.314593,-65.746266
"PRSE9541_B","P","CB","CB","",18.314055,-65.747341
"PRSE9542_B","U","CB","CB","",18.314612,-65.748021
"PRSE9543_B","P","CB","CB","",18.313885,-65.749557
"PRSE9544_B","U","CB","CB","",18.313687,-65.752869
"PRSE9545_B","I","CB","CB","",18.039258,-66.172304
"PRSE9546_B","E","CB","CB","",18.040894,-66.165701
"PRSE9547_B","I","CB","CB","",18.039835,-66.169834
"PRSE9586_V","P","CB","CB","",18.39399,-66.055991
"PRSE9587_V","P","CB","CB","",18.3882833,-66.0774415
"PRSE9588_V","U","CB","CB","",18.372755,-66.040654
"PRSE9589_V","P","CB","CB","",18.3873877,-66.0260276
"PRSE9590_V","P","CB","CB","",18.384798,-65.978296
"PRSE9597_B","E","CB","CB","",18.03877,-66.169562
"RINE4437_B","P","NE","East","",41.82929151,-71.61040661
"RINE9474_B","P","NE","East","",41.781845,-71.654816
"RINE9475_B","I","NE","East","",41.839264,-71.560802
"SCSE7520_V","P","SE","East","",33.27170667,-81.64338167
"SCSE7996_V","P","SE","East","",33.13330167,-79.80251
"SCSE7998_V","I","SE","East","",33.131035,-79.78369
"SCSE8000_V","I","SE","East","",33.144035,-79.79021167
"SCSE8328_V","E","SE","East","",34.74994167,-81.45962667
"SCSE8333_V","E","SE","East","",34.40191833,-81.56271333
"SCSE8336_B","I","SE","East","",34.07197667,-82.30569167
"SCSE8343_B","I","SE","East","",34.08630167,-82.35845167
"SCSE8347_B","P","SE","East","",34.62328167,-80.26742833
"SCSE8353_B","P","SE","East","",33.938278,-82.474596
"SCSE8359_B","P","SE","East","",34.65077333,-80.23410667
"SCSE8361_B","P","SE","East","",34.58677167,-80.12574167
"SCSE8363_B","E","SE","East","",34.722925,-81.42233833
"SCSE8371_B","U","SE","East","",34.435575,-81.67994333
"SCSE8377_B","P","SE","East","",34.645925,-80.26014833
"SCSE8745_B","I","SE","East","",34.551325,-81.40123
"SCSE8746_B","I","SE","East","",34.531755,-81.40721333
"SCSE9131_B","U","SE","East","",34.619955,-81.737695
"SCSE9134_B","E","SE","East","",34.59938167,-81.77789167
"SCSE9174_V","E","SE","East","",33.26303667,-81.60865667
"SCSE9178_V","E","SE","East","",33.26311,-81.60671833
"SCSE9420_V","E","SE","East","",34.612485,-82.85898333
"SCSE9424_V","E","SE","East","",34.617363,-82.800366
"SCSE9441_B","P","SE","East","",34.097075,-82.351195
"SDNB148","P","GP_N","GP","",45.92285,-102.80871
"SDNB149","I","GP_N","GP","",45.90936,-102.81147
"SDNB150","E","GP_N","GP","",45.90811,-102.81065
"SDNB16","I","GP_N","GP","",45.80221,-102.36237
"SDNB27","P","GP_N","GP","",45.74487,-102.16274
"SDNB36","I","GP_N","GP","",45.64696,-102.64862
"SDNB37","E","GP_N","GP","",45.63285,-102.64796
"SDNB38","I","GP_N","GP","",45.80606,-102.36402
"SDNB39","E","GP_N","GP","",45.74511,-102.16222
"SDNB40","E","GP_N","GP","",45.70295,-102.15561
"SDNB43","P","GP_N","GP","",45.64849,-102.64532
"SDNV1413","P","GP_N","GP","",44.41208,-103.4855
"SDNV1439","P","GP_N","GP","",44.07511,-103.26643
"SDNV1446","P","GP_N","GP","",44.07722,-103.2039
"SDNV1470","I","GP_N","GP","",43.94404,-101.77274
"SDNV1472","P","GP_N","GP","",43.07797,-101.63174
"SDNV1503","I","GP_N","GP","",43.32767,-98.97046
"SDNV2956","I","GP_N","GP","",44.37594,-103.46631
"SDUB1","I","GP_U","GP","",44.32738,-96.78491
"SDUB120","U","GP_U","GP","",45.74494,-97.22215
"SDUB121","I","GP_U","GP","",45.74265,-97.2398
"SDUB2","E","GP_U","GP","",42.86362,-97.65733
"SDUB24","I","GP_U","GP","",45.74003,-97.23183
"SDUB25","I","GP_U","GP","",42.86951,-96.95768
"SDUB28","U","GP_U","GP","",42.8699,-97.64745
"SDUV1557","P","GP_U","GP","",43.53288,-96.78866
"SDUV1570","P","GP_U","GP","",45.29184,-96.48761
"SDWM9163","I","WM","West","Q&D inspection of logger data",44.2033208,-104.004538
"TNNE2131_V","I","NE","East","",36.046458,-84.9332864
"TNNE2132_B","P","NE","East","",36.07467952,-84.89730094
"TNNE7972_B","I","NE","East","",35.97853777,-84.83535934
"TNNE8762_B","E","NE","East","",35.12928112,-85.41884569
"TNNE8765_B","I","NE","East","",35.11976019,-85.43387603
"TNNE9094_B","I","NE","East","",36.0560127,-87.36881258
"TNNE9097_B","I","NE","East","",35.97427361,-87.13832569
"TNNE9109_B","E","NE","East","",35.99100542,-84.84529009
"TNNE9463_B","I","NE","East","",35.74435,-83.49694584
"TNNE9464_B","E","NE","East","",35.74438937,-83.49604141
"TNNE9487_B","E","NE","East","",36.41998955,-84.29397628
"TNNE9489_B","P","NE","East","",36.49049897,-83.89173984
"TNNE9490_V","P","NE","East","",36.49153333,-83.90777833
"TNNE9512_B","I","NE","East","",36.48766663,-83.89679469
"TNNE9513_B","I","NE","East","",36.04360305,-84.92870854
"TXAW9189","E","AW","West","Q&D inspection of logger data",31.83228,-106.47507
"TXAW9194","E","AW","West","Q&D inspection of logger data",31.90664987,-106.52629067
"TXAW9197","I","AW","West","L2 was half-buried in sediment",30.70644402,-104.10323301
"TXAW9198","I","AW","West","Borderline IE",30.69609486,-104.12481461
"TXAW9199","I","AW","West","Q&D inspection of logger data",30.60251763,-103.91388319
"TXAW9251","I","AW","West","Q&D inspection of logger data",31.43771136,-103.46775311
"TXAW9253","E","AW","West","Q&D inspection of logger data",29.43645475,-103.47496817
"TXAW9254","E","AW","West","Q&D inspection of logger data",29.4546151,-103.48189828
"TXAW9255","E","AW","West","Q&D inspection of logger data",29.43748722,-103.41053708
"TXAW9256","E","AW","West","Q&D inspection of logger data",29.44381338,-103.41141274
"TXAW9273","I","AW","West","Q&D inspection of logger data",30.65974468,-103.79754791
"TXAW9276","E","AW","West","Q&D inspection of logger data",30.59914466,-103.92577473
"TXCB127","E","GP_C","GP","",34.44123,-101.09508
"TXCB128","E","GP_C","GP","",34.4417,-101.07251
"TXCB129","I","GP_C","GP","",34.44252,-101.07488
"TXCB130","E","GP_C","GP","",34.44458,-101.06717
"TXCB54","E","GP_C","GP","",35.926946,-100.228714
"TXCB55","I","GP_C","GP","",35.91862,-100.32091
"TXCV122","E","GP_C","GP","",34.17902,-101.70016
"TXCV123","I","GP_C","GP","",35.72207,-101.66578
"TXCV164","P","GP_C","GP","",35.9187,-100.32087
"TXSB10","I","GP_S","GP","",30.325046,-97.597437
"TXSB109","E","GP_S","GP","",29.56396,-98.52223
"TXSB11","U","GP_S","GP","",30.362003,-97.793461
"TXSB111","P","GP_S","GP","",29.40731,-98.49457
"TXSB113","P","GP_S","GP","",29.39231,-98.50127
"TXSB119","E","GP_S","GP","",29.974478,-100.956009
"TXSB12","U","GP_S","GP","",30.373339,-97.784622
"TXSB13","E","GP_S","GP","",30.360245,-97.779932
"TXSB130","E","GP_S","GP","",29.941198,-100.947728
"TXSB131","E","GP_S","GP","",29.93933,-100.966487
"TXSB14","P","GP_S","GP","",30.266576,-97.750231
"TXSB15","I","GP_S","GP","",30.256418,-97.758316
"TXSB16","I","GP_S","GP","",29.691559,-98.150448
"TXSB17","P","GP_S","GP","",29.71014,-98.13184
"TXSB19","U","GP_S","GP","",29.597479,-99.729
"TXSB20","U","GP_S","GP","",34.156084,-100.370684
"TXSB21","I","GP_S","GP","",34.123117,-100.418146
"TXSB26","U","GP_S","GP","",31.465049,-100.45495
"TXSB27","I","GP_S","GP","",31.54369,-100.55617
"TXSB29","U","GP_S","GP","",29.784442,-98.714526
"TXSB30","U","GP_S","GP","",29.551303,-98.230601
"TXSB33","E","GP_S","GP","",29.51257,-98.42701
"TXSB34","U","GP_S","GP","",29.45491,-98.47772
"TXSB35","E","GP_S","GP","",29.54935,-98.76187
"TXSB36","E","GP_S","GP","",29.44424,-98.63383
"TXSB38","E","GP_S","GP","",29.894673,-97.955438
"TXSB39","I","GP_S","GP","",29.900609,-97.944174
"TXSB40","P","GP_S","GP","",29.887608,-97.9344
"TXSB5","I","GP_S","GP","",32.47621,-99.750807
"TXSB57","E","GP_S","GP","",34.123117,-100.418146
"TXSB59","I","GP_S","GP","",29.815711,-99.570466
"TXSB6","U","GP_S","GP","",32.453833,-99.720933
"TXSB60","P","GP_S","GP","",29.817416,-99.577416
"TXSB61","U","GP_S","GP","",29.630938,-99.74613866
"TXSB62","E","GP_S","GP","",29.617375,-98.629606
"TXSB7","U","GP_S","GP","",30.245766,-97.769934
"TXSB8","P","GP_S","GP","",30.297499,-97.568333
"TXSB9","E","GP_S","GP","",30.296345,-97.572797
"TXSE5103_V","I","SE","East","",28.89273264,-96.82072872
"TXSE5120_V","P","SE","East","",29.06611006,-96.67477142
"TXSE5123_V","I","SE","East","",32.24364958,-96.64034756
"TXSE5134_V","P","SE","East","",29.1601022,-96.54613355
"TXSE5247_V","P","SE","East","",30.19227462,-95.48451084
"TXSE8959_B","U","SE","East","",33.45499054,-96.01295507
"TXSE9431_B","E","SE","East","",31.18266481,-94.9216725
"TXSE9433_B","U","SE","East","",33.44563209,-96.01347938
"TXSE9437_B","I","SE","East","",30.52751759,-95.11269488
"TXSE9466_V","E","SE","East","",31.47550847,-96.87863489
"TXSE9467_V","E","SE","East","",31.45666616,-96.87897342
"TXSE9496_BO","E","SE","East","",31.30910171,-95.25339898
"TXSE9497_B","I","SE","East","",31.173507,-94.89288402
"TXSE9498_B","I","SE","East","",31.18783634,-94.88155435
"TXSE9499_B","U","SE","East","",31.33459357,-95.05913555
"TXSE9500_BO","E","SE","East","",31.17489711,-94.87136989
"TXSE9501_B","P","SE","East","",30.52732806,-95.67735892
"TXSE9502_B","I","SE","East","",30.52166021,-95.72373741
"TXSE9503_B","I","SE","East","",33.27662014,-96.29965261
"TXSE9504_B","I","SE","East","",33.73537102,-95.94347769
"TXSE9505_B","U","SE","East","",33.74744826,-96.01670233
"TXSE9511_B","I","SE","East","",33.27013571,-96.31323235
"TXSE9619_V","E","SE","East","",33.81155636,-95.88970907
"TXSE9620_V","I","SE","East","",33.81218661,-95.8890862
"TXSE9621_V","P","SE","East","",33.80778552,-95.88897119
"TXSE9622_V","E","SE","East","",33.78508212,-95.86277477
"TXSE9623_V","I","SE","East","",33.78804182,-95.86236198
"TXSE9624_V","P","SE","East","",33.79061,-95.86365
"TXSV148","P","GP_S","GP","",31.27353,-100.63063
"TXSV152","P","GP_S","GP","",31.18151,-100.49612
"TXSV154","I","GP_S","GP","",31.89017,-100.49206
"TXSV262","P","GP_S","GP","",29.96955,-98.89293
"TXSV276","I","GP_S","GP","",29.57754,-98.69255
"TXSV2937","I","GP_S","GP","",33.33711,-97.17989
"TXSV310","U","GP_S","GP","",29.59279,-98.31124
"TXSV3223","P","GP_S","GP","",29.90790718,-100.0017612
"TXSV3224","E","GP_S","GP","",29.90326,-100.00162
"TXSV3314","I","GP_S","GP","",30.23415,-97.74834
"TXSV3315","I","GP_S","GP","",30.33249,-97.83909
"TXSV3316","E","GP_S","GP","",30.23994,-97.70067
"TXSV3317","P","GP_S","GP","",30.40483,-97.78838
"TXSV334","E","GP_S","GP","",27.76758,-98.07037
"TXSV338","P","GP_S","GP","",27.77276,-98.03394
"TXSV353","I","GP_S","GP","",27.52393,-97.85825
"TXSV409","I","GP_S","GP","",30.69134,-97.65357
"TXSV419","I","GP_S","GP","",27.86941,-97.6405
"TXSV438","P","GP_S","GP","",32.66346,-97.44464
"TXSV452","P","GP_S","GP","",32.80544,-97.24786
"TXSV455","P","GP_S","GP","",33.62473,-97.156
"TXSV65420","E","GP_S","GP","",29.8606489,-98.48217922
"TXSV65431","E","GP_S","GP","",29.85841329,-98.48555621
"UTAW1033","P","AW","West","",38.4826022,-109.40609009
"UTAW1358","P","AW","West","Review. Probably P with frozen times",39.10306973,-111.22477972
"UTAW1360","P","AW","West","Q&D inspection of logger data",38.99107566,-111.25395911
"UTAW1363","E","AW","West","Q&D inspection of logger data",40.5667612,-109.96815195
"UTAW1364","P","AW","West","Q&D inspection of logger data",38.48594,-109.410406
"UTAW1367","E","AW","West","Q&D inspection of logger data",38.37693,-109.45563
"UTAW1371","P","AW","West","Q&D inspection of logger data",37.8456913,-109.3757775
"UTAW1385","P","AW","West","Q&D inspection of logger data",37.09444,-111.90405
"UTAW1420","I","AW","West","Borderline IE",38.99931201,-111.26393214
"UTAW1542","P","AW","West","",37.7877746,-109.40724227
"UTAW1543","I","AW","West","Q&D inspection of logger data",37.75442,-109.47779
"UTAW9067","E","AW","West","Likely E but could be I",38.48194,-109.39972
"UTAW9073","E","AW","West","Q&D inspection of logger data",37.757917,-109.4844094
"UTAW9080","E","AW","West","Q&D inspection of logger data",39.00088916,-111.26411971
"UTWM1015","P","WM","West","",40.65459534,-109.75453243
"UTWM1091","E","WM","West","Likely E but could be I",40.24538113,-111.17166058
"UTWM1096","P","WM","West","",40.47719847,-110.93416393
"UTWM1150","E","WM","West","",40.62986563,-109.78910982
"UTWM1152","P","WM","West","",40.56622534,-109.96163572
"UTWM1363","E","WM","West","",40.56693593,-109.9683194
"UTWM1389","P","WM","West","Q&D inspection of logger data",41.74149399,-111.77316127
"UTWM1408","P","WM","West","Q&D inspection of logger data",40.73824525,-111.24200748
"UTWM1419","P","WM","West","",40.56800969,-109.61782543
"UTWM1431","I","WM","West","",40.46085861,-111.47359711
"UTWM1447","I","WM","West","",39.32965889,-111.43167104
"UTWM1454","P","WM","West","Q&D inspection of logger data",38.27994,-112.56836
"UTWM1872","E","WM","West","Q&D inspection of logger data",38.53042,-112.40619
"UTWM1875","E","WM","West","",38.52927846,-112.40770494
"UTWM1876","E","WM","West","Q&D inspection of logger data",38.52791,-112.40956
"UTWM1878","E","WM","West","Q&D Interpretation of logger data",38.5323981,-112.3934369
"UTWM1879","E","WM","West","",38.53168268,-112.3937396
"UTWM9094","E","WM","West","Q&D Interpretation of logger data",41.74418429,-111.77646596
"UTWM9096","E","WM","West","Q&D Interpretation of logger data",41.74081731,-111.77476193
"VANE8895_B","P","NE","East","",38.855445,-77.427835
"VANE8896_B","I","NE","East","",38.86439833,-77.43236333
"VANE8897_B","I","NE","East","",38.86722833,-77.43085833
"VANE9099_B","P","NE","East","",38.36767167,-77.36718333
"VANE9100_B","I","NE","East","",38.36095833,-77.34349
"VANE9101_B","P","NE","East","",38.359655,-77.34498
"VANE9102_V","P","NE","East","",38.365525,-77.366895
"VANE9114_B","E","NE","East","",37.87365,-76.44967
"VANE9121_B","P","NE","East","",37.77294167,-76.44853333
"VANE9670_V","E","NE","East","",37.258855,-80.481896
"VANE9671_V","P","NE","East","",37.26335333,-80.49125167
"VISE9145_V","I","CB","CB","",18.34866,-64.720316
"VISE9147_V","P","CB","CB","",18.339747,-64.759169
"VISE9148_V","I","CB","CB","",18.3274996,-64.7641096
"VISE9150_V","E","CB","CB","",18.336112,-64.712817
"VISE9151_V","E","CB","CB","",18.3412877,-64.7143006
"VISE9152_V","E","CB","CB","",18.352143,-64.712047
"VISE9155_V","I","CB","CB","",18.326418,-64.782979
"VISE9157_V","P","CB","CB","",18.329603,-64.883206
"VTNE8647_B","U","NE","East","",44.32120872,-73.0325394
"VTNE8649_V","E","NE","East","",44.320362,-73.034157
"VTNE8873_V","I","NE","East","",44.458078,-73.221201
"VTNE8874_V","I","NE","East","",44.818675,-73.088082
"VTNE8875_B","I","NE","East","",44.85630019,-73.15111826
"VTNE8877_B","P","NE","East","",44.04370857,-72.66795287
"VTNE9036_V","P","NE","East","",43.8716536,-72.898065
"VTNE9038_B","P","NE","East","",44.24835608,-73.22893225
"VTNE9039_V","P","NE","East","",44.5041062,-72.7785474
"VTNE9042_B","I","NE","East","",44.31898471,-73.0315912
"WIUB11","P","GP_U","GP","",42.92505428,-89.3764789
"WIUB12","P","GP_U","GP","",42.99806294,-87.96656425
"WIUB128","U","GP_U","GP","",42.93458385,-88.04142677
"WIUB129","I","GP_U","GP","",42.936684,-88.04128
"WIUB130","I","GP_U","GP","",NA,NA
"WIUB137","P","GP_U","GP","",46.2999758,-90.78662523
"WIUB138","P","GP_U","GP","",46.29747596,-90.7808593
"WIUB14","U","GP_U","GP","",45.31610154,-90.53368152
"WIUB15","P","GP_U","GP","",45.30767866,-90.62243072
"WIUB18","P","GP_U","GP","",46.1715671,-91.33028236
"WIUB19","I","GP_U","GP","",45.33335019,-90.53374131
"WIUB20","P","GP_U","GP","",44.39256807,-90.66587444
"WIUB21","I","GP_U","GP","",46.29966914,-90.73273932
"WIUB22","P","GP_U","GP","",45.27209628,-90.56029936
"WIUB3","P","GP_U","GP","",46.26978779,-90.70683709
"WIUB32","P","GP_U","GP","",42.878443,-89.275632
"WIUB33","I","GP_U","GP","",42.930036,-89.390674
"WIUB34","U","GP_U","GP","",42.6998,-90.93106
"WIUB35","E","GP_U","GP","",42.70222,-90.92835
"WIUB36","P","GP_U","GP","",42.7317,-91.0157
"WIUB37","E","GP_U","GP","",42.73863,-91.02009
"WIUB38","P","GP_U","GP","",43.01548,-90.10219
"WIUB39","U","GP_U","GP","",43.02794,-90.13043
"WIUB40","P","GP_U","GP","",43.01034,-90.12054
"WIUB42","U","GP_U","GP","",45.28888888,-90.535283
"WVNE8653_B","E","NE","East","",39.649465,-79.789602
"WVNE8661_B","I","NE","East","",39.67277833,-79.76544833
"WVNE8664_B","I","NE","East","",39.68526667,-79.739445
"WVNE9104_B","I","NE","East","",37.89999,-82.01903
"WVNE9105_B","E","NE","East","",37.9048222,-82.014346
"WVNE9106_B","P","NE","East","",37.90619,-82.01958
"WYAW0753","E","AW","West","",41.23681218,-109.05263412
"WYAW1471","P","AW","West","L2 was noted as being above the sediment. Half the record is missing, but gage supports P? Gage misses low flows",42.32977068,-109.51350009
"WYAW1472","I","AW","West","",42.12736441,-109.32598298
"WYAW1473","P","AW","West","Q&D Interpretation of logger data",42.09619631,-110.42341612
"WYAW1474","I","AW","West","",42.00716889,-106.50820708
"WYAW1476","I","AW","West","",41.64754966,-108.99796911
"WYAW1477","P","AW","West","Likely P due to L1 being placed near bank. Nearby gage suggests perennial",41.5819453,-106.5676907
"WYAW1481","P","AW","West","Q&D Interpretation of logger data",41.4413926,-106.9690683
"WYAW9130","E","AW","West","Q&D Interpretation of logger data",42.0062974,-106.5081841
"WYAW9131","E","AW","West","Q&D Interpretation of logger data",41.9986828,-106.5211212
"WYAW9135","E","AW","West","Q&D Interpretation of logger data",41.9751444,-110.06324669
"WYAW9140","E","AW","West","Q&D Interpretation of logger data",42.71253328,-108.60301124
"WYAW9141","E","AW","West","Q&D Interpretation of logger data",42.69671425,-108.54265341
"WYCB47","P","GP_C","GP","",42.20007,-104.53756
"WYCB48","E","GP_C","GP","",42.75546,-104.96294
"WYCV2921","E","GP_C","GP","",42.5321,-104.92989
"WYNB1","E","GP_N","GP","",43.42133,-105.05501
"WYNB18","E","GP_N","GP","",43.43394,-105.05477
"WYNB25","I","GP_N","GP","",43.79887,-104.18192
"WYNB31","I","GP_N","GP","",43.65622,-104.91344
"WYNB44","U","GP_N","GP","",43.98535,-104.50964
"WYNB6","P","GP_N","GP","",43.43232,-105.05369
"WYNB900","U","GP_N","GP","",43.79868544,-104.18021706
"WYNV2883","E","GP_N","GP","",43.42378,-106.40697
"WYNV2887","E","GP_N","GP","",43.33659,-106.53369
"WYNV2922","E","GP_N","GP","",42.48943,-105.0138
"WYNV634","P","GP_N","GP","",44.53799,-106.82465
"WYNV646","P","GP_N","GP","",42.86405,-105.86652
"WYNV667","I","GP_N","GP","",44.08091,-105.26675
"WYWM0749","P","WM","West","",41.05179621,-109.22120928
"WYWM0754","I","WM","West","",41.03337367,-109.22635409
"WYWM0774","I","WM","West","",41.24225719,-109.23198245
"WYWM1494","P","WM","West","",44.07265142,-107.46646489
"WYWM1495","P","WM","West","",44.5183594,-104.0828908
"WYWM1500","I","WM","West","",44.26499376,-106.91909208
"WYWM1510","P","WM","West","",43.8379272,-110.44095732
"WYWM1521","I","WM","West","Review more closely. Longest flow is ~43, so borderline I.",43.1554962,-110.37474657
"WYWM1523","I","WM","West","Q&D Interpretation of logger data",43.13794479,-110.28984125
"WYWM1529","P","WM","West","",42.67512254,-111.00747214
"WYWM1530","P","WM","West","",42.59800937,-105.88655024
"WYWM1531","P","WM","West","",42.29377176,-110.44056823
"WYWM1534","P","WM","West","",41.57690941,-106.22983796
"WYWM1535","I","WM","West","",41.49710661,-106.27798688
"WYWM1536","P","WM","West","Review more closely. Looks I, but does not match field observations (suggests P)",41.3692801,-106.5227899
"WYWM1537","P","WM","West","",41.34403068,-106.52635801
"WYWM1540","P","WM","West","",41.12993843,-110.80659413
"WYWM1841","E","WM","West","",41.82175401,-110.76154315
"WYWM1913","E","WM","West","",41.57859283,-110.68400242
"WYWM1914","I","WM","West","",44.26945507,-109.21103038
"WYWM1915","I","WM","West","",43.98296983,-108.81968996
"WYWM1916","I","WM","West","",44.48095404,-109.44074289
"WYWM9146","I","WM","West","Review more closely. Longest flow is ~44, so borderline I.",43.80376,-110.15888
"WYWM9147","I","WM","West","Q&D Interpretation of logger data",43.79295443,-110.14740374
"WYWM9148","U","WM","West","REJECT. P or I fuzzy. Loggers show brief dry periods but they don't match field observations. We suspect this is due to logger being deployed above the surface",43.71656,-110.03694
"WYWM9154","P","WM","West","Review. Could be P or I. Some dry periods indicated in L1, but none in L2. Field observations show wet conditions on those days",44.6205848,-107.5015843
"WYWM9155","I","WM","West","Q&D Interpretation of logger data",44.7202839,-107.5019268
